"id","place","weight_lbs","grower_name","city","state_prov","country","gpc_site","seed_mother","pollinator_father","ott","est_weight","pct_chart","variety","dataset_id","weight_kg","weight_class"
"2013-P","1299",248.686356498187,"Fumi, Lorenzo",NA,"Other","Italy","Festa della zucca di sale",NA,NA,218.176010250887,222.264141823587,2.02255764307277,"Blue Hubbard",9,112.802233830678,"Light"
"2017-P","671",768.345235184906,"Lizzi, Denis","Calcio","Lombardy","Italy","Festa della zucca di sale","1415 Brezzanix","Self",303.704438695427,NA,2.95322857097639,"Connecticut Field",9,348.515536205729,"Medium"
"2017-P","756",756.784601581425,"Valentini, Berenice","Calcio","Lombardy","Italy","Sfida degli Zucconi della Brianza","1969 Haist","1623,5 Wallace",299.546147551822,636.887598089965,24.8283436117818,"Early Giant",9,343.271721010824,"Medium"
"2013-P","1198",296.679753381159,"Giornale di Brescia, Francesco e Flavio",NA,"Other","Italy","Pesa la Zucca! Foiano",NA,NA,244.768965675098,281.779907388509,2.99511625557036,"Howden",9,134.571672467175,"Light"
"2015-P","1406",368.120217980099,"Italiano, Vincenzo","Arezzo","Other","Italy","Campionato dello Zuccone","1254 Bartoli","Open",257.333805634955,434.783859313831,0,"Cinderella",9,166.97652211851,"Light"
"2019-P","1592",118.558313136702,"Shiratori, Kazuyuki","Shozu, Kagawa","Other","Japan","Nippon Ichi Dodekabocha Taikai",NA,NA,0,NA,0,"Dill's Atlantic",9,53.7771462388788,"Light"
"2013-P","1079",380.420865519434,"Uematu, Kikuo","Kanonji","Other","Japan","Nippon Ichi Dodekabocha Taikai",NA,NA,NA,0,0,"Wolf",9,172.556001988411,"Light"
"2020-P","1386",27.207920824946,"Miyamoto, Yoji","Marugame","Other","Japan","Nippon Ichi Dodekabocha Taikai",NA,NA,0,0,0,"Howden",9,12.3413052897596,"Light"
"2017-P","813",781.751914715924,"Ito, Nobuyoshi","Shozu","Other","Japan","Nippon Ichi Dodekabocha Taikai",NA,NA,0,0,0,"Blue Hubbard",9,354.596703748034,"Medium"
"2015-P","1477",336.302109916436,"Spreafico, Luca",NA,"Other","Italy","Campionato dello Zuccone","1254 Bartoli",NA,243.378756656131,335.060251169285,0,"Big Max",9,152.544071072997,"Light"
"2013-P","1291",257.236233371285,"Cutrupi, Stefano","Arezzo","Other","Italy","Campionato dello Zuccone","899 Cutrupi","Open",226.794087988701,256.530155990649,0,"Wolf",9,116.680392744754,"Light"
"2015-P","1303",428.461228549837,"Markl, Michael","Pruggern","Styria","Austria","Austrian Weigh-off","716 Team Biggis 12",NA,272.836753632895,482.674401995405,0,"Champion",9,194.346744111032,"Medium"
"2020-P","1119",321.777583830506,"Uematsu, Nobuyuki",NA,"Other","Japan","Nippon Ichi Dodekabocha Taikai",NA,NA,0,0,0,"Champion",9,145.955856862553,"Light"
"2015-P","1793",25.3689616535779,"Ueno, Koji","Shozu","Other","Japan","Nippon Ichi Dodekabocha Taikai",NA,NA,0,0,0,"Prizewinner",9,11.5071674408855,"Light"
"2019-P","EXH",553.235219526007,"Langenlois, Gartenbauschule","Tulln","Lower Austria","Austria","Austrian Weigh-off",NA,NA,313.913760538325,NA,0,"Jack O'Lantern",9,250.943274392272,"Medium"
"2021-P","1157",243.317144624511,"Falchi, Brunero","Malonno","Lombardy","Italy","Sfida Nazionale della Zucca - Club Maspiano","2008 CUTRUPI","BARESI",214.376971854511,227.415725139516,4.94253211291651,"Dill's Atlantic",9,110.366800291865,"Light"
"2019-P","849",703.107672888779,"Minami, Kanetoshi",NA,"Other","Japan","Nippon Ichi Dodekabocha Taikai",NA,NA,0,0,0,"Casper",9,318.924275710806,"Medium"
"2019-P","DMG",506.793694270532,"Tosoni, Matteo","Semproniano","Tuscany","Italy","Campionato dello Zuccone","1911",NA,260.811140490553,426.724610332167,NA,"Connecticut Field",9,229.877752885226,"Medium"
"2018-P","1717",54.1849554429076,"Uematsu, Yuichi","Shozu","Other","Japan","Nippon Ichi Dodekabocha Taikai",NA,NA,0,0,0,"Big Max",9,24.5778823576929,"Light"
"2021-P","1242",148.490555079984,"Team Schaugarten Kittenberger Erlebnisgaertnen","St. Michael","Carinthia","Austria","Austrian Weigh-off","829.4 Joebstl","self",187.38681451229,177.276520705099,0,"Connecticut Field",9,67.3541828013456,"Light"
"2016-P","1474",199.140412913496,"., Fratelli Mori","Foiano della Chiana","Tuscany","Italy","Campionato dello Zuccone",NA,NA,216.375076482992,225.97082102418,0,"Blue Hubbard",9,90.328571856211,"Light"
"2016-P","1373",287.328193122328,"Ondelli, Franco","Castelfiorentino","Tuscany","Italy","Campionato dello Zuccone",NA,NA,228.549775305405,269.918337965966,7.03763410342365,"Big Max",9,130.329876086175,"Light"
"2013-P","EXH",515.704458155767,"Benedikt, Gottfried",NA,"Other","Austria","Austrian Weigh-off",NA,NA,0,0,0,"Blue Hubbard",9,233.91960739444,"Medium"
"2019-P","1161",379.994521185626,"Rosi, Silvano",NA,"Lombardy","Italy","Sfida degli Zucconi della Brianza",NA,NA,260.033724121004,412.305856836203,1.96753202014078,"Spirit",9,172.362615451603,"Light"
"2020-P","1360",64.1110488361024,"School, Kisomisaki Primaru",NA,"Other","Japan","Nippon Ichi Dodekabocha Taikai",NA,NA,0,0,0,"Howden",9,29.0802825847534,"Light"
"2014-P","489",991.555080535678,"Puchner, Thomas",NA,"Other","Austria","Austrian Weigh-off","1678 Delaney",NA,354.847285755496,1134.11532593638,0,"Big Moose",9,449.761818965719,"Heavy"
"2016-P","1139",537.65966225858,"Shinohara, Shigehiro","Shozu","Other","Japan","Nippon Ichi Dodekabocha Taikai",NA,NA,0,0,0,"Spirit",9,243.878320457269,"Medium"
"2018-P","320",1356.17432870542,"Moretti, Sergio","Foiano della Chiana","Tuscany","Italy","Pesa la Zucca! Foiano",NA,NA,364.978549591283,1086.14773488411,25.1847595816245,"Rouge Vif d’Etampes",9,615.15032789065,"Heavy"
"2018-P","1739",33.9257808210163,"Watanabe, Osamu","Kurashiki","Other","Japan","Nippon Ichi Dodekabocha Taikai",NA,NA,0,0,0,"Champion",9,15.3884753267053,"Light"
"2020-P","998",461.984777001475,"Itou, Yoshihiro","Kamogawa","Other","Japan","Nippon Ichi Dodekabocha Taikai",NA,NA,0,0,0,"Spirit",9,209.552769904021,"Medium"
"2019-P","727",751.932887503007,"Nakajima, Kosuke","Shozu, Kagawa","Other","Japan","Nippon Ichi Dodekabocha Taikai",NA,NA,0,0,NA,"Big Moose",9,341.071020523432,"Medium"
"2018-P","395",1227.54536862034,"Piazza, Moreno","Novellara","Emilia-Romagna","Italy","Campionato dello Zuccone","2269 Paton","2624 Willemjins",378.739888789884,1114.06580897415,8.92204492079721,"Autumn Gold",9,556.805213035025,"Heavy"
"2015-P","590",939.442520447927,"Ribechini, Alessio","Foiano della Chiana","Other","Italy","Festa della zucca di sale",NA,NA,NA,956.093750051362,2.07248089956093,"Rouge Vif d’Etampes",9,426.123959328749,"Heavy"
"2017-P","919",631.685510527812,"Turmolli, Andrea","Castiglion Fiorentino","Tuscany","Italy","Campionato dello Zuccone",NA,NA,300.63214928612,691.049703115685,0,"Early Giant",9,286.52772781497,"Medium"
"2019-P","710",749.818934531657,"Pachtrog, Andreas",NA,"Lower Austria","Austria","Austrian Weigh-off","Karkos 2018",NA,303.821025134638,798.367254396105,0,"Champion",9,340.112147585089,"Medium"
"2020-P","1291",121.514920374521,"Dorner, Martin","Riederberg","Vienna","Austria","Retzer Land Weigh-off","487 Jaglarz 19","self",0,0,0,"Autumn Gold",9,55.1182407230401,"Light"
"2017-P","1088",499.483810009429,"Nishiyama, Hiroshi","Shozu, Kagawa","Other","Japan","Nippon Ichi Dodekabocha Taikai",NA,NA,0,0,0,"Connecticut Field",9,226.562045158807,"Medium"
"2019-P","1099",455.874431779586,"Scali, Guido","Lamporecchio","Tuscany","Italy","Pesa la Zucca! Foiano",NA,NA,272.455460765433,438.572123948309,7.83137349017056,"Rouge Vif d’Etampes",9,206.781163933306,"Medium"
"2018-P","998",571.011803532201,"Tulln, Team Bauhof","Sooss","Lower Austria","Austria","Austrian Weigh-off","1080.9 Melka","sibb",0,0,0,"Howden",9,259.006597262145,"Medium"
"2019-P","1410",249.446289404947,"Mizutani, Kenjiro","Izumo","Other","Japan","Nippon Ichi Dodekabocha Taikai",NA,NA,0,0,0,"Rouge Vif d’Etampes",9,113.146933598896,"Light"
"2014-P","972",557.337695527199,"Aijima, Tadayuki","Kuwana","Other","Japan","Nippon Ichi Dodekabocha Taikai",NA,NA,0,0,0,"Dill's Atlantic",9,252.80412620452,"Medium"
"2017-P","DMG",1227.4498550467,"soc agr, calzolari","Capua","Campania","Italy","Campionato dello Zuccone","2066 Geddes","1216 Keenan",371.641346989409,NA,0,"Prizewinner",9,556.761888806789,"Heavy"
"2013-P","1193",297.143248591891,"Biondi, Carlo",NA,"Other","Italy","Campionato dello Zuccone","899 Cutrupi","Open",0,0,0,"Big Moose",9,134.781910358295,"Light"
"2014-P","730",826.82139111032,"Lizzi, Denis",NA,"Other","Italy","Pesa la Zucca! Foiano",NA,NA,335.681670932615,686.999904875949,19.6503705695688,"Spirit",9,375.039874360427,"Heavy"
"2016-P","1541",149.782816753028,"Melka, Friedrich","Doerfles","Lower Austria","Austria","Austrian Weigh-off",NA,NA,NA,0,0,"Dill's Atlantic",9,67.9403428362816,"Light"
"2021-P","1333",75.2488999733605,"Valeriani, Claudio","San Pancrazio","Lombardy","Italy","Sfida Nazionale della Zucca - Club Maspiano","x","x",0,0,0,"Atlantic Giant",9,34.1323268788095,"Light"
"2021-P","1207",205.791739105617,"Dorner, Martin","Langenlois","Lower Austria","Austria","Leiserberge Weigh-off","520.3 Grabmayer 19",NA,209.222920704436,202.883375637762,0.992952684730039,"Casper",9,93.3455626673386,"Light"
"2016-P","307",1292.4339747264,"Langenlois, Gartenbauschule",NA,"Lower Austria","Austria","Europameisterschaft im Kurbiswiegen","1585.5 Werner","1338 Martin",414.942433486546,1450.12041611197,0,"Spirit",9,586.238189664669,"Heavy"
"2017-P","1371",265.300779859517,"Rosi, Silvano","Teglio","Lombardy","Italy","Festa della zucca di sale","unknow",NA,228.137465816303,283.855859957793,2.89012466659329,"Casper",9,120.338409499327,"Light"
"2021-P","1268",126.455185765875,"Vendepane, Giulio","San Pancrazio","Lombardy","Italy","Sfida Nazionale della Zucca - Club Maspiano","BUFFOLI anno 2016","BUFFOLI anno 2016",0,0,0,"Dill's Atlantic",9,57.3591074103336,"Light"
"2016-P","1656",19.3856458351082,"koko, Izumonorin","Hokuto","Other","Japan","Nippon Ichi Dodekabocha Taikai",NA,NA,0,0,0,"Autumn Gold",9,8.79318103832735,"Light"
"2017-P","1116",499.785256539793,"Melka, Friedrich",NA,"Lower Austria","Austria","OO Landesgartenschau 2017 Kremsmunster","1714 Lueders","SIBB",0,0,0,"Early Giant",9,226.698779004943,"Medium"
"2019-P","1227",355.342692566038,"Joebstl, Horst","Eggendorf","Lower Austria","Austria","Gartenbauschule Langenlois",NA,NA,256.238732488127,391.381969893442,0,"Connecticut Field",9,161.180734083211,"Light"
"2020-P","EXH",367.097285462576,"Team, Jugendzentrum Berndorf","Gr. Gerungs","Lower Austria","Austria","Retzer Land Weigh-off",NA,NA,243.55523105597,382.223760258735,0,"Jack O'Lantern",9,166.512527733537,"Light"
"2021-P","252",1317.34203118497,"Wischer, Andreas","Pruggern","Styria","Austria","Austrian Weigh-off","1819 Mendi 19",NA,379.399381210837,1154.53560234976,4.98877631492855,"Cinderella",9,597.536294025804,"Heavy"
"2018-P","1185",476.421768607523,"Aininger, Gerald","Doerfles","Lower Austria","Austria","Austrian Weigh-off","1784 Stels 17","2269 Paton",282.966472709766,482.463775120263,0.966280649824653,"Dill's Atlantic",9,216.101279142278,"Medium"
"2018-P","DMG",522.474816584221,"Mitra, Marco",NA,"Lombardy","Italy","Festa della zucca di sale","1949 haist","self",NA,529.27560509843,0,"Wolf",9,236.990590319752,"Medium"
"2015-P","1245",491.312149197332,"Rosati, Loris","Iseo","Lombardy","Italy","Festa della zucca di sale",NA,NA,260.69510922979,404.551700798322,27.2235234105379,"Big Moose",9,222.855442164211,"Medium"
"2021-P","1268",129.083350267431,"Balloni-Rabazzi,","Cologne","Lombardy","Italy","Sfida Nazionale della Zucca - Club Maspiano","BUFFOLI anno 2016","BUFFOLI anno 2016",0,0,0,"Howden",9,58.5512227753442,"Light"
"2014-P","1190",464.012211602381,"Falchi, Brunero",NA,"Other","Italy","Pesa la Zucca! Foiano",NA,NA,290.805720540539,551.265363324217,0,"Jack O'Lantern",9,210.472398769665,"Medium"
"2015-P","1576",210.615036643773,"Boselli, Ermerino","Cologne","Other","Italy","Campionato dello Zuccone","1254 Bartoli","Open",199.719732591399,214.034737771096,0,"Jack O'Lantern",9,95.5333736288858,"Light"
"2016-P","1120",497.895234801854,"Ribechini, Alessio",NA,"Other","Italy","Campionato dello Zuccone",NA,NA,289.678100745734,540.332966672486,0,"Cinderella",9,225.84147956548,"Medium"
"2017-P","714",744.052838052341,"Melka, Friedrich",NA,"Lower Austria","Austria","Austrian Weigh-off","Mathias 16",NA,331.484662077713,893.967395979787,0,"Jack O'Lantern",9,337.496690217388,"Medium"
"2019-P","591",926.332595665015,"Bartoli, Ivan e William","Foiano della Chiana","Tuscany","Italy","Campionato dello Zuccone",NA,"Open",348.490745749715,961.418478973044,0,"Wolf",9,420.177397475946,"Heavy"
"2018-P","351",1285.52936452371,"Gangl, Markus","Riederberg","Lower Austria","Austria","Austrian Weigh-off","2269 Paton","2145 McMullen",404.728982960709,1552.22266875612,0,"Jack O'Lantern",9,583.106311158905,"Heavy"
"2020-P","1345",74.6751396423754,"Hamanaka, Kozou","Sakai-shi","Other","Japan","Nippon Ichi Dodekabocha Taikai",NA,NA,0,0,0,"Dill's Atlantic",9,33.872073570466,"Light"
"2018-P","EXH",398.135265308351,"Ricci, Giulio and Francesco",NA,"Veneto","Italy","Festa della zucca di sale",NA,NA,249.650464318299,403.207199084295,0,"Early Giant",9,180.591118571794,"Light"
"2021-P","1137",259.793547902441,"Lacina, Martin","Eggendorf","Lower Austria","Austria","Leiserberge Weigh-off","JZB Berndorf 20",NA,219.407694521708,279.306745418721,0,"Rouge Vif d’Etampes",9,117.840371103777,"Light"
"2018-P","1098",533.161511504302,"Cutrupi, Stefano","Farigliano","Piedmont","Italy","Festa della zucca di sale","Mix","mix",295.59848097871,567.332108807314,0,"Big Moose",9,241.837993596018,"Medium"
"2013-P","976",477.273163976926,"Battista, Gregori",NA,"Other","Italy","Pesa la Zucca! Foiano",NA,NA,278.383535255505,401.490971794367,13.765127971974,"Autumn Gold",9,216.487465585693,"Medium"
"2020-P","EXH",248.712816836378,"Rosati, Loris","Pontedera","Tuscany","Italy","Pesa la Zucca! Foiano",NA,NA,216.762056202995,242.046832045379,4.08005391853254,"Casper",9,112.814236038189,"Light"
"2019-P","1578",132.520545725287,"Utunomiya, Hiroyoshi","Kuwana, Mie","Other","Japan","Nippon Ichi Dodekabocha Taikai",NA,NA,0,NA,0,"Connecticut Field",9,60.1103084092263,"Light"
"2018-P","725",831.314544992145,"Yada, Shizuka","Tonosho","Other","Japan","Nippon Ichi Dodekabocha Taikai",NA,NA,0,0,0,"Blue Hubbard",9,377.077934678459,"Heavy"
"2018-P","1651",126.5269917006,"Turmolli, Andrea","Lamporecchio","Tuscany","Italy","Pesa la Zucca! Foiano",NA,NA,177.093631731322,131.533241473778,0,"Casper",9,57.3916780344456,"Light"
"2014-P","930",636.478421146999,"Topini, Cinzia",NA,"Other","Italy","Festa della zucca di sale",NA,NA,310.927693358026,720.146020480454,0,"Spirit",9,288.701755501925,"Medium"
"2015-P","403",1219.95987898054,"Melka, Friedrich",NA,"Lower Austria","Austria","Austrian Weigh-off","1751 lovse 14",NA,368.425885357126,1216.39679738455,NA,"Autumn Gold",9,553.364492811695,"Heavy"
"2018-P","1358",363.916211756908,"Fantoni, Marco","Pontedera","Tuscany","Italy","Pesa la Zucca! Foiano",NA,NA,247.686530695596,325.853969209527,2.90239045755178,"Cinderella",9,165.069616972238,"Light"
"2018-P","656",912.792980284868,"Ondelli, Franco",NA,"Other","Italy","Pesa la Zucca! Foiano",NA,NA,341.107914995374,919.36682567805,1.03430337401277,"Howden",9,414.035931246777,"Heavy"
"2017-P","1113",458.711442769009,"Niccolai, Giacomo",NA,"Lombardy","Italy","Festa della zucca di sale","Vnderwiellen 2004","unknow",292.681540793637,559.544211830294,NA,"Rouge Vif d’Etampes",9,208.068010471714,"Medium"
"2017-P","1098",481.751710160025,"Moullin, Paul",NA,"Lower Austria","Austria","OO Landesgartenschau 2017 Kremsmunster","2095 Willemijns","1726 Cutrupi",NA,0,0,"Early Giant",9,218.518899963039,"Medium"
"2021-P","422",1118.50177373901,"Hoefler, Norbert","St. Margarethen","Carinthia","Austria","Austrian Weigh-off","2138 Biermans",NA,378.699748687362,1209.94502984421,0,"Spirit",9,507.343870399481,"Heavy"
"2017-P","DMG",248.902246151821,"Boschi, Valerio","Goito","Lombardy","Italy","Sfida degli Zucconi della Brianza","821.2 Petrelli","Open",231.722690133256,252.00425667972,0,"Cinderella",9,112.900159730328,"Light"
"2018-P","773",818.93393849624,"Melka, Friedrich","St. Margarethen","Carinthia","Austria","Austrian Weigh-off","1527 Melka",NA,353.462433233354,860.403210061963,0,"Atlantic Giant",9,371.462186035944,"Heavy"
"2016-P","DMG",902.009440044575,"LFS Tulln, Team","Wien","Vienna","Austria","Austrian Weigh-off","Harnica",NA,NA,852.551626123526,0,"Casper",9,409.144599672192,"Heavy"
"2014-P","761",775.264550342432,"Gabriele and Sauro, Bartoli","Buja","Other","Italy","Festa della zucca di sale",NA,NA,261.61938271383,531.489897265989,46.9421851715891,"Atlantic Giant",9,351.654084766808,"Medium"
"2013-P","1525",43.2259107832259,"Citybunkajigyoubu Koga, Kabuchikigaisha Jrhakata","Shozu","Other","Japan","Nippon Ichi Dodekabocha Taikai",NA,NA,0,0,0,"Dill's Atlantic",9,19.606943317572,"Light"
"2019-P","694",829.717302803619,"Hoefler, Norbert","Baerndorf","Lower Austria","Austria","Austrian Weigh-off","2020.5 Weishaeupl","1211 Ailts",343.071984274576,810.897807014231,1.95806345246612,"Jack O'Lantern",9,376.353437808701,"Heavy"
"2018-P","1042",542.612314892579,"Yada, Kazuyo","Shozu, Kagawa","Other","Japan","Nippon Ichi Dodekabocha Taikai",NA,NA,0,0,0,"Rouge Vif d’Etampes",9,246.124805903311,"Medium"
"2020-P","1165",252.212246966233,"Urataki, Noboru","Shima","Other","Japan","Nippon Ichi Dodekabocha Taikai",NA,NA,0,0,NA,"Blue Hubbard",9,114.401550844439,"Light"
"2015-P","658",929.695493546233,"Guttmann, Johanna","Haag","Lower Austria","Austria","Austrian Weigh-off","2102 Meier 14",NA,351.849822076365,919.084718873523,0,"Atlantic Giant",9,421.702782295956,"Heavy"
"2019-P","1557",127.784088682285,"Comanducci, .","Semproniano","Tuscany","Italy","Pesa la Zucca! Foiano",NA,NA,171.31844680928,122.292726538005,3.90603181031119,"Autumn Gold",9,57.961887633688,"Light"
"2020-P","1002",416.359156196305,"Schoetzer, Alexander",NA,"Lower Austria","Austria","Leiserberge Weigh-off","1395 Weishaeupl 18","520 Grabmayer 19",260.230939272795,491.048042647426,0,"Rouge Vif d’Etampes",9,188.857336430282,"Medium"
"2016-P","1517",173.092259685981,"Spreafico, Luca","Foiano della chiana","Tuscany","Italy","Pesa la Zucca! Foiano",NA,NA,211.90475094449,182.933631842381,0,"Autumn Gold",9,78.5133282996194,"Light"
"2018-P","839",779.656674683678,"Yato, Nobuyuki","Marugame","Other","Japan","Nippon Ichi Dodekabocha Taikai",NA,NA,0,0,NA,"Dill's Atlantic",9,353.646318856088,"Medium"
"2013-P","1436",147.875083068516,"Zucchelli, Michael","Buja","Other","Italy","Pesa la Zucca! Foiano",NA,NA,185.331029051483,138.927107633655,0.997035570812395,"Big Max",9,67.075009392995,"Light"
"2018-P","691",946.648514008962,"Grabmayer, Manfred","Riederberg","Lower Austria","Austria","Europameisterschaft im Kurbiswiegen","2269 Paton","2145 McMullen",358.8865481136,948.210333256365,0,"Champion",9,429.392543026303,"Heavy"
"2020-P","1205",208.82591820693,"Shiraki, Tosiaki","Izumo","Other","Japan","Nippon Ichi Dodekabocha Taikai",NA,NA,0,0,NA,"Blue Hubbard",9,94.7218431569077,"Light"
"2017-P","EXH",1071.83334646052,"Schodl, Josef","Langenlois","Lower Austria","Austria","Austrian Weigh-off","2095 Willemijns 16","2095 Willemijns 16",349.15747711694,859.80943596839,22.9026996193167,"Cinderella",9,486.17542786606,"Heavy"
"2014-P","998",571.545485662737,"Hofer, Johann",NA,"Other","Austria","Austrian Weigh-off",NA,NA,297.194140914503,619.513363612605,2.96011357588236,"Howden",9,259.248671404562,"Medium"
"2013-P","1434",154.750274289848,"Colzani, Enrico","Dragoni","Other","Italy","Festa della zucca di sale","557 Danesi","557 Danesi",195.847352245302,141.622435599832,2.91131431810073,"Atlantic Giant",9,70.1935436732824,"Light"
"2013-P","1193",309.269161321104,"Gobbi, Alessio","Calcio","Other","Italy","Campionato dello Zuccone","899 Cutrupi","Open",0,0,NA,"Connecticut Field",9,140.282131851552,"Light"
"2017-P","853",710.536911357859,"Kuroda, Takahito","Hokuto","Other","Japan","Nippon Ichi Dodekabocha Taikai",NA,NA,0,0,0,"Early Giant",9,322.294121595291,"Medium"
"2016-P","649",939.574185353172,"Boschi, Valerio","Capua","Campania","Italy","Campionato dello Zuccone","1985 Miller","self",335.61941220015,832.364869653857,12.7993669414941,"Autumn Gold",9,426.183681525164,"Heavy"
"2020-P","1373",54.7316272398479,"Komatu, Masatosi","Mie","Other","Japan","Nippon Ichi Dodekabocha Taikai",NA,NA,0,0,0,"Wolf",9,24.8258485136792,"Light"
"2014-P","775",770.824594899678,"Colzani, Enrico","Artogne","Other","Italy","Pesa la Zucca! Foiano",NA,NA,327.964831520834,700.866649810737,6.17174000757879,"Casper",9,349.640154854835,"Medium"
"2018-P","1395",347.12639561276,"Jaglarz, Mario",NA,"Styria","Austria","Austrian Weigh-off","1032 Klein",NA,0,0,NA,"Spirit",9,157.453884475549,"Light"
"2014-P","1591",146.392564383895,"Petrelli, Francesco","Arezzo","Other","Italy","Campionato dello Zuccone","952 Bartoli","Open",195.755684418099,171.352766460098,0,"Spirit",9,66.4025502292687,"Light"
"2019-P","537",993.564692923892,"Boeck, Alexander","Waidhofen/Thaya","Lower Austria","Austria","Leiserberge Weigh-off","2095 Brandt 2017","2145.5 McMullen 2015",369.977097838577,1019.5025353357,0,"Big Moose",9,450.67336381167,"Heavy"
"2018-P","1736",36.6991109822292,"Tokunaga, Terukazu","Kuwana, Mie","Other","Japan","Nippon Ichi Dodekabocha Taikai",NA,NA,0,0,0,"Howden",9,16.6464367273224,"Light"
"2015-P","567",1016.18452493478,"Topini, Giuseppe","Peccioli","Other","Italy","Campionato dello Zuccone","1776 Deswert","1789 Wallace",NA,1169.25132176809,0,"Howden",9,460.933547022493,"Heavy"
"2020-P","78",1646.59759833584,"Chiti, Davide","Goito","Lombardy","Italy","Sfida degli Zucconi della Brianza","2416.5 Haist","2145 Mcmullen",435.019791429553,1556.11284201262,10.1280526346479,"Dill's Atlantic",9,746.88410706546,"Heavy"
"2015-P","995",691.735710563504,"Gabriele, Rosso",NA,"Other","Italy","Campionato dello Zuccone","1488 Cutrupi est-dmg","Open",303.929709270977,625.677991247922,8.17629689507007,"Early Giant",9,313.766040368134,"Medium"
"2016-P","959",662.754430885607,"roberto, morettini",NA,"Lombardy","Italy","Campionato dello Zuccone","1488 Cutrupi","Self",321.888138870991,NA,1.95386317239081,"Prizewinner",9,300.620353033404,"Medium"
"2014-P","1374",358.532729031993,"Franco, Ricciardi",NA,"Other","Italy","Campionato dello Zuccone","1382 Cutrupi","Open",237.451544097087,355.717298307867,1.9855244575487,"Champion",9,162.62771028419,"Light"
"2013-P","906",474.251948679121,"Zecchini, Fernando",NA,"Other","Italy","Festa della zucca di sale","1118 Cutrupi",NA,284.487345529727,520.473158358306,0,"Atlantic Giant",9,215.117065378481,"Medium"
"2018-P","1704",65.8341091562292,"Yada, Tsunehisa","Kamogawa","Other","Japan","Nippon Ichi Dodekabocha Taikai",NA,NA,0,0,NA,"Casper",9,29.8618495990127,"Light"
"2018-P","1049",595.731666325901,"Nibu, Haruto","Kanonji","Other","Japan","Nippon Ichi Dodekabocha Taikai",NA,NA,0,0,0,"Spirit",9,270.219338412815,"Medium"
"2020-P","998",443.412068598739,"Team K","Nisiyo, Ehime","Other","Japan","Nippon Ichi Dodekabocha Taikai",NA,NA,0,0,0,"Big Moose",9,201.128331082305,"Medium"
"2016-P","1121",521.810310273257,"Gangl, Markus","Langenlois","Lower Austria","Austria","Austrian Weigh-off","664,9 Jaglarz","self",295.801673389122,627.549508027185,0,"Early Giant",9,236.689175327282,"Medium"
"2021-P","927",498.213568572554,"Langenlois, Gartenbauschule","Retz","Lower Austria","Austria","Leiserberge Weigh-off","2241 Van Geel 19","2020.5 Weisshaepl",275.62066630361,507.236634079697,0,"Autumn Gold",9,225.985873334982,"Medium"
"2019-P","1613",98.1631563632252,"Successor Club 2, Ishii Town Agricultural","Izumo","Other","Japan","Nippon Ichi Dodekabocha Taikai",NA,NA,0,0,0,"Casper",9,44.5260587414759,"Light"
"2020-P","1291",125.243081444782,"Bauhof Tulln, Team","Riederberg","Vienna","Austria","Retzer Land Weigh-off","487 Jaglarz 19","self",0,0,0,"Rouge Vif d’Etampes",9,56.8093061386417,"Light"
"2018-P","1206",489.001887584532,"Team, Gemeinde Tulln","Baerndorf","Lower Austria","Austria","Austrian Weigh-off","2269 Paton",NA,288.354784316459,523.547519708776,0,"Jack O'Lantern",9,221.807525123942,"Medium"
"2019-P","1578",132.425323801016,"Sasaki, Toshiki","Shodoshima","Other","Japan","Nippon Ichi Dodekabocha Taikai",NA,NA,0,0,0,"Big Max",9,60.0671164709202,"Light"
"2016-P","1357",315.717012622467,"Pachtrog, Andreas","St. Margarethen","Carinthia","Austria","Austrian Weigh-off","342.8 Joebstl",NA,0,0,0,"Jack O'Lantern",9,143.206828004745,"Light"
"2015-P","1662",152.024295668956,"Del Petriccio, .","Foiano della Chiana","Other","Italy","Festa della zucca di sale",NA,NA,180.869036541742,NA,25.4243490093757,"Early Giant",9,68.9570605700626,"Light"
"2018-P","988",623.391113576782,"Freyberger, Iryna","Riederberg","Vienna","Austria","Austrian Weigh-off","1892 Faust 15",NA,0,0,0,"Big Moose",9,282.765452644232,"Medium"
"2020-P","1073",388.233425381055,"Schieder, Christoph","Waidhofen/Thaya","Lower Austria","Austria","Austrian Weigh-off",NA,NA,246.723233975477,391.078782128134,1.00908654118341,"Champion",9,176.099719531811,"Light"
"2015-P","840",834.677943589187,"Battista, Gregori","Casarta","Other","Italy","Campionato dello Zuccone","1840 Ghaye","1789 Wallace",330.316453810748,867.19380791584,0,"Cinderella",9,378.603546619346,"Heavy"
"2021-P","346",1204.31221709068,"Lacina, Martin","Langenlois","Lower Austria","Austria","Austrian Weigh-off","1965 Jutras 19","2021.5 Sperry 20",389.548198227817,1260.43388260824,0,"Big Max",9,546.266832770117,"Heavy"
"2015-P","1434",295.348938424298,"Vincenzo Italiano","Calcio","Other","Italy","Pesa la Zucca! Foiano",NA,NA,239.332586844624,307.471531968317,0,"Big Moose",9,133.968024956862,"Light"
"2014-P","452",1041.19128700148,"Squitieri, Danilo","Perugia","Other","Italy","Campionato dello Zuccone","1490 Cutrupi","Open",376.1558069689,1007.99732182683,4.12654271300982,"Casper",9,472.27642349435,"Heavy"
"2016-P","808",719.927933731438,"Grabmayer, Manfred","Pruggern","Styria","Austria","Austrian Weigh-off","1916 Carter","Lueders",349.686851380128,NA,0,"Spirit",9,326.553817690446,"Medium"
"2017-P","814",714.366777606702,"Reischer, Lena und Melanie","Ernstbrunn","Lower Austria","Austria","Austrian Weigh-off","1714 Lueders","sibb",NA,747.257219533914,NA,"Autumn Gold",9,324.031319703887,"Medium"
"2018-P","1688",80.8908011988967,"Del Petriccio, .","Petrignano del Lago","Umbria","Italy","Campionato dello Zuccone",NA,NA,0,0,0,"Jack O'Lantern",9,36.6914502270064,"Light"
"2020-P","408",1120.93773566251,"Edinger, Christian","Wien","Vienna","Austria","Austrian Weigh-off","1527 Melka","1542 Urena",375.526950003631,1074.01888012703,1.99236592686232,"Champion",9,508.448804141594,"Heavy"
"2014-P","1686",87.0484064660622,"Seri, Remo",NA,"Other","Italy","Festa della zucca di sale",NA,NA,NA,70.0888739810738,35.049648172504,"Dill's Atlantic",9,39.4844929936645,"Light"
"2021-P","EXH",904.606452789489,"Piazza, Moreno","Calcio","Lombardy","Italy","Sfida degli Zucconi della Brianza","1686.5 Cutrupi '18","Self",338.835732489761,NA,0,"Spirit",9,410.322584838077,"Heavy"
"2019-P","EXH",607.951598318302,"Lizzi, Denis","Malonno","Lombardy","Italy","Sfida degli Zucconi della Brianza","2012 Salvagni","Self",280.639386845904,619.862149986661,8.0559688668512,"Prizewinner",9,275.762206326487,"Medium"
"2016-P","1279",368.41314353617,"Spreafico, Luca","Castelvecchio","Lazio","Italy","Campionato dello Zuccone",NA,NA,276.854016221317,436.594985828652,0,"Rouge Vif d’Etampes",9,167.109390915721,"Light"
"2014-P","872",680.211218797148,"Asta, Carmelo",NA,"Other","Italy","Pesa la Zucca! Foiano","1439 Mathison",NA,296.210275554691,553.278107015256,29.2785673114385,"Prizewinner",9,308.538618834787,"Medium"
"2013-P","1024",435.616137779226,"Castelli, Carlo",NA,"Other","Italy","Pesa la Zucca! Foiano",NA,NA,NA,381.672781144853,20.2269289243479,"Prizewinner",9,197.592156345526,"Medium"
"2019-P","EXH",190.903399916115,"Rosati, Loris","Garlate","Lombardy","Italy","Sfida degli Zucconi della Brianza","1257,7 Petrelli","Self",214.651742566807,200.400977249526,0,"Cinderella",9,86.5923256090082,"Light"
"2015-P","1446",338.694665013496,"Uematsu, Nobuyuki","Okayama","Other","Japan","Nippon Ichi Dodekabocha Taikai",NA,NA,0,0,0,"Rouge Vif d’Etampes",9,153.629315809828,"Light"
"2018-P","1680",102.750802190661,"Yada, Kazuyo","Nagai","Other","Japan","Nippon Ichi Dodekabocha Taikai",NA,NA,0,0,0,"Big Max",9,46.6069798850632,"Light"
"2021-P","402",1099.72495024257,"Mathias, Franz","Gols","Burgenland","Austria","Austrian Weigh-off","1230 Schieder 20",NA,372.426332610372,NA,0,"Early Giant",9,498.82684652866,"Heavy"
"2019-P","465",1104.25028439582,"Acquisto, Oriana",NA,"Lombardy","Italy","Sfida Nazionale della Zucca - Club Maspiano","Cutrupi 2166","Self",352.546344152387,998.820463295566,3.95330092140643,"Cinderella",9,500.879503572274,"Heavy"
"2021-P","135",1458.25558624312,"Nittnaus, Wolfgang","Haag am Hausruck","Upper Austria","Austria","Retzer Land Weigh-off",NA,"2118 Barron 19",398.559802346088,1677.73893090136,0,"Blue Hubbard",9,661.453607429758,"Heavy"
"2018-P","941",706.94426103948,"Team, Bauhof Tulln","St. Michael","Carinthia","Austria","Austrian Weigh-off","368 Joebstl","1415 Melka",0,0,0,"Cinderella",9,320.664522822796,"Medium"
"2020-P","763",706.303981552536,"Schoeffneger, Armin",NA,"Lower Austria","Austria","Austrian Weigh-off","793.7 Dorner 19",NA,351.043865313849,801.154729744718,0,"Prizewinner",9,320.374096932851,"Medium"
"2016-P","1657",17.5714764879381,"Ueno, Koji","Nagai","Other","Japan","Nippon Ichi Dodekabocha Taikai",NA,NA,0,0,0,"Cinderella",9,7.97028766456313,"Light"
"2016-P","1644",42.5152777229274,"Schieder, Christoph","Riederberg","Lower Austria","Austria","Austrian Weigh-off",NA,NA,NA,0,0,"Rouge Vif d’Etampes",9,19.2846055835509,"Light"
"2018-P","1514",223.146865160065,"Hayashi, Kishio","Sanuki","Other","Japan","Nippon Ichi Dodekabocha Taikai",NA,NA,0,0,0,"Atlantic Giant",9,101.217715426024,"Light"
"2018-P","1405",278.917667943,"Boschi, Valerio",NA,"Other","Italy","Festa della zucca di sale",NA,NA,223.902835127074,306.617289914774,0,"Jack O'Lantern",9,126.514926037138,"Light"
"2018-P","785",754.04803354899,"Ragosta, Giovanni","Poggiridenti","Lombardy","Italy","Pesa la Zucca! Foiano",NA,NA,330.736004945854,751.959462121883,0,"Dill's Atlantic",9,342.030434631326,"Medium"
"2013-P","382",1042.90716498919,"Gartenschau, DIE GARTEN TULLN","Pruggern","Styria","Austria","Austrian Weigh-off","934 Schieder 11","sibb",350.613830414979,994.169789180605,3.99083209932933,"Dill's Atlantic",9,473.054732657426,"Heavy"
"2018-P","EXH",604.485193138472,"Topini, Giuseppe","Montepulciano","Tuscany","Italy","Campionato dello Zuccone","1333 Garofano","Self",281.143472816316,549.498054196158,10.8718894618189,"Champion",9,274.189871385587,"Medium"
"2018-P","1098",589.691136732432,"Sartini, Valerio","Farigliano","Piedmont","Italy","Festa della zucca di sale","Mix","mix",304.459456421733,607.503758328962,NA,"Champion",9,267.479400278458,"Medium"
"2021-P","1000",424.295275811798,"Hausgarten, Team","Tulln","Lower Austria","Austria","Retzer Land Weigh-off","421.1 Team Bauhof  20","self",282.424549005834,487.909824089961,0,"Wolf",9,192.457099735277,"Medium"
"2014-P","1246",440.218279610545,"Rodler, Rita","Pruggern","Styria","Austria","Austrian Weigh-off",NA,NA,270.440841741076,478.731971697217,0,"Big Moose",9,199.67965276587,"Medium"
"2017-P","1586",20.0468333022475,"Oka, Tadaichi","Nagano","Other","Japan","Nippon Ichi Dodekabocha Taikai",NA,NA,0,0,0,"Jack O'Lantern",9,9.09309062856138,"Light"
"2018-P","1139",541.497053634801,"Schieder, Christoph",NA,"Styria","Austria","Austrian Weigh-off","1072 Klein 15","open",0,0,0,"Champion",9,245.618931906227,"Medium"
"2021-P","831",506.526918679601,"Grabmayer, Manfred","Buers","Vorarlberg","Austria","Austrian Weigh-off","Melka","Mendi",285.963917830118,615.966396206363,0,"Cinderella",9,229.756745512678,"Medium"
"2013-P","504",861.018932887451,"Nagai, Shigetoshi","Tonosho","Other","Japan","Nippon Ichi Dodekabocha Taikai",NA,NA,0,0,0,"Champion",9,390.55161838329,"Heavy"
"2015-P","468",1022.55753095327,"Colzani, Enrico","Sirtori","Lombardy","Italy","Festa della zucca di sale",NA,NA,335.537935582508,976.153160595473,6.99381897724831,"Casper",9,463.824293926444,"Heavy"
"2014-P","560",969.232029698709,"Gabriele, Rosso",NA,"Other","Italy","Festa della zucca di sale","1756 lancaster","1799.5 deletas",353.539403754893,904.851196465189,4.00532447620905,"Wolf",9,439.636253430948,"Heavy"
"2017-P","818",664.927381927911,"Yato, Nobuyuki","Kuwana","Other","Japan","Nippon Ichi Dodekabocha Taikai",NA,NA,0,0,0,"Dill's Atlantic",9,301.605987046576,"Medium"
"2016-P","1615",77.3498595612604,"Ueno, Koji",NA,"Other","Japan","Nippon Ichi Dodekabocha Taikai",NA,NA,0,0,0,"Early Giant",9,35.0853061175593,"Light"
"2014-P","959",692.800999010257,"Nittnaus, Wolfgang","Langenlois","Other","Austria","Austrian Weigh-off","934 Schieder",NA,317.057121769629,651.637896540149,3.03805749260635,"Prizewinner",9,314.24924707943,"Medium"
"2014-P","1626",139.211400838164,"Dorner, Martin",NA,"Other","Austria","Austrian Weigh-off",NA,NA,0,0,0,"Champion",9,63.1452292372027,"Light"
"2015-P","1563",248.079831411502,"Bertone, Andrea","Casarta","Other","Italy","Campionato dello Zuccone","1254 Bartoli","Open",226.910995214845,255.834928045881,0,"Blue Hubbard",9,112.527118679144,"Light"
"2019-P","970",570.46559697244,"Tulln, Team Bauhof","Gross Gerungs","Lower Austria","Austria","Austrian Weigh-off","1311.1 Mathias 17","sibb",311.741632319997,733.602905307934,0,"Wolf",9,258.758842134194,"Medium"
"2018-P","96",1704.10370858835,"Pastorelli, Bruna","Semproniano","Tuscany","Italy","Sfida degli Zucconi della Brianza","1871 Cutrupi","Self",424.852933687718,1648.13993286473,0,"Jack O'Lantern",9,772.96843990438,"Heavy"
"2019-P","936",534.517243712305,"Woeber, Franz",NA,"Lower Austria","Austria","Leiserberge Weigh-off",NA,NA,0,0,0,"Big Moose",9,242.452943381332,"Medium"
"2017-P","1029",560.482123212308,"Seri, Remo","Niella Belbo","Piedmont","Italy","Pesa la Zucca! Foiano",NA,NA,314.921641695251,600.710508030917,0,"Autumn Gold",9,254.230414610503,"Medium"
"2018-P","1750",20.9577291142506,"Hanai, Tamekazu","Izumo","Other","Japan","Nippon Ichi Dodekabocha Taikai",NA,NA,0,0,0,"Champion",9,9.50626601875094,"Light"
"2019-P","1590",128.874499059758,"Sasaki, Toshiki","Hara","Other","Japan","Nippon Ichi Dodekabocha Taikai",NA,NA,0,0,0,"Connecticut Field",9,58.4564894610784,"Light"
"2017-P","1526",106.506491009573,"Kitahara, Kazuhiro","Tonosho","Other","Japan","Nippon Ichi Dodekabocha Taikai",NA,NA,0,0,NA,"Howden",9,48.3105316774158,"Light"
"2014-P","1040",560.979664399046,"Melka, Friedrich","Riederberg","Lower Austria","Austria","Austrian Weigh-off",NA,NA,306.043853368839,629.441364505915,0,"Atlantic Giant",9,254.456095496568,"Medium"
"2018-P","518",1047.41028933615,"Colzani, Enrico",NA,"Other","Italy","Festa della zucca di sale","ermacora","ermacora",343.180645906917,899.442381166093,15.2768284319947,"Spirit",9,475.097315502371,"Heavy"
"2016-P","1130",560.185604376263,"Team F.lli, Mori e Guagnetti","Montepulciano","Tuscany","Italy","Campionato dello Zuccone",NA,NA,301.880051569987,600.60694183449,NA,"Big Max",9,254.095915928912,"Medium"
"2018-P","1724",54.7985997685473,"Nibu, Aiko","Shozu","Other","Japan","Nippon Ichi Dodekabocha Taikai",NA,NA,0,0,0,"Autumn Gold",9,24.8562267416968,"Light"
"2013-P","1138",331.355958200257,"Ito, Yoshihiro","Shozu","Other","Japan","Nippon Ichi Dodekabocha Taikai",NA,NA,0,0,0,"Dill's Atlantic",9,150.300534393675,"Light"
"2015-P","1245",508.117236620188,"Barreca, Alessandro","Cologne","Lombardy","Italy","Festa della zucca di sale",NA,NA,NA,410.369036362512,28.4186130996384,"Autumn Gold",9,230.478101596402,"Medium"
"2018-P","832",813.693432407594,"Kobayashi, Hiroshi","Asakuchi","Other","Japan","Nippon Ichi Dodekabocha Taikai",NA,NA,0,0,0,"Big Moose",9,369.085132459195,"Heavy"
"2018-P","896",672.837991015289,"Jaglarz, Mario","Doerfles","Lower Austria","Austria","Austrian Weigh-off",NA,NA,340.649390507577,761.653899152301,0,"Prizewinner",9,305.194178970664,"Medium"
"2016-P","1187",455.389771532149,"High School No 3, Nogyokeiei","Shozu, Kagawa","Other","Japan","Nippon Ichi Dodekabocha Taikai",NA,NA,0,0,0,"Howden",9,206.561325743026,"Medium"
"2017-P","1016",554.397516680772,"Colzani, Enrico","Sirtori","Lombardy","Italy","Sfida degli Zucconi della Brianza","502 Turmolli","Self",301.958029263454,556.974246097833,0,"Prizewinner",9,251.470483513346,"Medium"
"2019-P","1287",308.527902292184,"Team, Jugendzentrum Berndorf","Bad Voeslau","Lower Austria","Austria","Gartenbauschule Langenlois","1080.9 Melka",NA,246.41644512382,350.857056285484,0,"Autumn Gold",9,139.94590241184,"Light"
"2019-P","1405",222.468561648958,"Milivojevic, Slavogub","Ernstbrunn","Lower Austria","Austria","Gartenbauschule Langenlois",NA,NA,219.127791219274,256.899538125138,0,"Dill's Atlantic",9,100.910042128842,"Light"
"2017-P","837",686.296839621629,"Secco, Davide","Pontedera","Tuscany","Italy","Campionato dello Zuccone","1521.2 Cutrupi","1333 Garofano",317.933316621926,732.047684578686,0,"Spirit",9,311.299010007485,"Medium"
"2019-P","572",1055.69065112107,"Brandstetter, Hannes",NA,"Upper Austria","Austria","Austrian Weigh-off","1861.8 Cutrupi",NA,381.304458023234,1044.6176139709,0,"Jack O'Lantern",9,478.853224428851,"Heavy"
"2013-P","1377",177.572492288697,"Shodoshima Junior Chamber","Kuwana, Mie","Other","Japan","Nippon Ichi Dodekabocha Taikai",NA,NA,0,0,0,"Cinderella",9,80.5455276240368,"Light"
"2018-P","746",771.592431509737,"Miki, Susumu","Shizuoka","Other","Japan","Nippon Ichi Dodekabocha Taikai",NA,NA,0,0,0,"Blue Hubbard",9,349.988439682564,"Medium"
"2019-P","1359",291.351333480276,"Markl, Michael","Doerfles","Lower Austria","Austria","Gartenbauschule Langenlois","Blaimschein 2017",NA,249.712315043259,NA,0,"Cinderella",9,132.154741855979,"Light"
"2018-P","646",905.298558246989,"Team, Donauland Kompost","Ernstbrunn","Lower Austria","Austria","Austrian Weigh-off","1644 Gehweiler","2252 Paton",336.51642674253,887.966870540006,0,"Jack O'Lantern",9,410.636518592835,"Heavy"
"2014-P","370",1229.48738346008,"Hammerl, Joachim","Kleinhadersdorf","Lower Austria","Austria","Austrian Weigh-off",NA,"1749 Hanschmann",390.608940145906,1145.86389819872,0,"Prizewinner",9,557.686096148757,"Heavy"
"2017-P","1542",86.3939157985279,"Fujioka, Tadashi","Ayagawa","Other","Japan","Nippon Ichi Dodekabocha Taikai",NA,NA,NA,0,0,"Wolf",9,39.1876210206347,"Light"
"2013-P","294",1108.5482142588,"Watanabe, Osamu","Noda","Other","Japan","Nippon Ichi Dodekabocha Taikai",NA,NA,0,NA,0,"Howden",9,502.829011764918,"Heavy"
"2019-P","835",711.546264132738,"Tanaka, Akihiko","Marugame","Other","Japan","Nippon Ichi Dodekabocha Taikai",NA,NA,0,0,0,"Early Giant",9,322.751956312615,"Medium"
"2020-P","EXH",201.849612220841,"Aininger, Gerald","Tulln","Lower Austria","Austria","Austrian Weigh-off","Kurzreiter",NA,222.365177657674,258.312217201174,0,"Prizewinner",9,91.5574439908325,"Light"
"2015-P","1555",236.528291260833,"Sasaki, Toshiki","Shodoshima","Other","Japan","Nippon Ichi Dodekabocha Taikai",NA,NA,0,0,0,"Spirit",9,107.287428205052,"Light"
"2015-P","1335",409.86253743879,"Chinazzo, Alfredo",NA,"Other","Italy","Pesa la Zucca! Foiano",NA,NA,272.62687793716,486.044177459923,0,"Big Moose",9,185.910519731075,"Medium"
"2018-P","195",1446.90548676989,"Puehringer, Beate","Walperbach","Lower Austria","Austria","Austrian Weigh-off","1944 Conolly 18","1810 Werner 16",396.08936633076,1448.91911817639,0,"Big Moose",9,656.305288909959,"Heavy"
"2018-P","351",1200.36575097347,"Team Toellergasse",NA,"Lower Austria","Austria","Austrian Weigh-off","2269 Paton","2145 McMullen",402.708754194903,1478.60122812463,0,"Casper",9,544.476745850888,"Heavy"
"2020-P","850",593.010879960478,"Dorner, Martin","Buers","Vorarlberg","Austria","Austrian Weigh-off","685 Assam","self",283.983235651413,585.381148480459,2.00549390641141,"Rouge Vif d’Etampes",9,268.985210477059,"Medium"
"2016-P","1054",568.854855241109,"Gartenschau, DIE GARTEN TULLN","Baerndorf","Lower Austria","Austria","Austrian Weigh-off","1312 Ford Butler",NA,NA,609.698449194459,NA,"Autumn Gold",9,258.028221974822,"Medium"
"2018-P","1304",362.676159886275,"Tada, Tamon","Sayo","Other","Japan","Nippon Ichi Dodekabocha Taikai",NA,NA,0,0,0,"Prizewinner",9,164.507138905315,"Light"
"2016-P","1134",555.159284140282,"Iguchi, Hidetosho","Kuwana, Mie","Other","Japan","Nippon Ichi Dodekabocha Taikai",NA,NA,0,0,0,"Atlantic Giant",9,251.816015420694,"Medium"
"2018-P","1514",233.036142344492,"Grouphome, Ainosato",NA,"Other","Japan","Nippon Ichi Dodekabocha Taikai",NA,NA,0,0,0,"Jack O'Lantern",9,105.703416101695,"Light"
"2018-P","1405",296.457264758704,"Menicucci, Alfredo",NA,"Other","Italy","Festa della zucca di sale",NA,NA,247.401320507223,296.813924085511,0,"Spirit",9,134.470753325618,"Light"
"2016-P","1279",401.895631843005,"Rainer, Michael","Doerfles","Lower Austria","Austria","Austrian Weigh-off","Garofano Vuolo 15",NA,0,0,0,"Autumn Gold",9,182.296792140316,"Medium"
"2014-P","929",669.049037367877,"Mizutani, Kentaro","Shimoniikawa","Other","Japan","Nippon Ichi Dodekabocha Taikai",NA,NA,0,0,0,"Prizewinner",9,303.475538505914,"Medium"
"2018-P","1259",425.674013003367,"Giampa, Vincenzo","Terricciola","Tuscany","Italy","Campionato dello Zuccone","563 Garofano","Open",304.652419225636,588.614663598305,NA,"Casper",9,193.082484405608,"Medium"
"2017-P","EXH",351.549736169079,"Bertolaso, Jacopo","Malonno","Lombardy","Italy","Sfida degli Zucconi della Brianza","821.2 Petrelli","Open",243.911441347596,328.353352425171,5.01748136328309,"Spirit",9,159.460278001807,"Light"
"2018-P","1742",34.0188840119278,"Takiguchi, Koichirou","Kamogawa","Other","Japan","Nippon Ichi Dodekabocha Taikai",NA,NA,0,0,0,"Connecticut Field",9,15.4307062237255,"Light"
"2016-P","DMG",1439.86632018985,"Ragosta, Giovanni","Umbertide","Umbria","Italy","Pesa la Zucca! Foiano",NA,NA,362.241731097475,1203.01180304085,15.9104518744715,"Rouge Vif d’Etampes",9,653.112376658092,"Heavy"
"2016-P","DMG",996.514681409992,"Joebstl, Horst","Wien","Vienna","Austria","Austrian Weigh-off","1840 Ghaye",NA,NA,1045.94348839901,0,"Cinderella",9,452.011456080553,"Heavy"
"2021-P","1014",405.181003308709,"Aininger, Marco","Waidhofen/Thaya","Lower Austria","Austria","Austrian Weigh-off","888.5 Markl","self",277.047972696943,437.597298539818,0,"Cinderella",9,183.787011569775,"Medium"
"2017-P","879",698.975772841079,"Markl, Michael",NA,"Lower Austria","Austria","Austrian Weigh-off",NA,"1395 Lueders",331.178888388821,865.536512583179,0,"Wolf",9,317.050077375566,"Medium"
"2017-P","752",773.49440877932,"Miki, Yoshie","Chosei","Other","Japan","Nippon Ichi Dodekabocha Taikai",NA,NA,0,0,NA,"Casper",9,350.85116205996,"Medium"
"2017-P","EXH",445.233433842636,"Petrelli, Team","Pontedera","Tuscany","Italy","Campionato dello Zuccone",NA,NA,284.480657355876,473.805140491995,0,"Spirit",9,201.954488459919,"Medium"
"2016-P","771",812.785651132637,"gregorio, tinteri","Merate","Lombardy","Italy","Campionato dello Zuccone","1866 Cutrupi","self",334.095254128562,926.976124030181,0,"Early Giant",9,368.673369799246,"Heavy"
"2020-P","1380",38.6236217217619,"Yada, Kazuyo","Takamatsu","Other","Japan","Nippon Ichi Dodekabocha Taikai",NA,NA,0,0,0,"Autumn Gold",9,17.5193801147575,"Light"
"2015-P","583",1011.57664490063,"Klein, Martin","St. Oswald","Other","Austria","Austrian Weigh-off","1751 Lovse 14",NA,364.883518159682,1006.68646409547,0,"Connecticut Field",9,458.843447797125,"Heavy"
"2017-P","1098",481.77675448083,"Priglhofer, Wolfgang","Langenlois","Lower Austria","Austria","OO Landesgartenschau 2017 Kremsmunster","2095 Willemijns","1726 Cutrupi",0,0,0,"Spirit",9,218.530259875868,"Medium"
"2015-P","1194",575.191772390401,"Galien, Simone","Calcio","Other","Italy","Pesa la Zucca! Foiano",NA,NA,281.7303767775,536.209815919301,2.10427935500741,"Connecticut Field",9,260.902599243063,"Medium"
"2019-P","1419",226.688824235101,"., Francesco","Inverigo","Lombardy","Italy","Sfida Nazionale della Zucca - Club Maspiano","Salvagni 2017","Open",215.974988730603,211.890709779377,7.01437889631821,"Big Max",9,102.824321037313,"Light"
"2016-P","EXH",648.363559568273,"Klein, Martin","Wels","Lower Austria","Austria","Austrian Weigh-off",NA,"1985 Miller",315.346010750196,744.107300801249,0,"Rouge Vif d’Etampes",9,294.092763606209,"Medium"
"2018-P","1514",228.021547623953,"LTD, SANKO KOGYO CO","Kanonji","Other","Japan","Nippon Ichi Dodekabocha Taikai",NA,NA,NA,NA,0,"Spirit",9,103.428834197817,"Light"
"2020-P","1180",226.466093429823,"Iguchi, Hidetoshi","Katsura","Other","Japan","Nippon Ichi Dodekabocha Taikai",NA,NA,0,0,0,"Big Moose",9,102.723292043475,"Light"
"2016-P","1253",410.920482789137,"Kitahara, Yuji","Kamokawa, Chiba","Other","Japan","Nippon Ichi Dodekabocha Taikai",NA,NA,0,0,0,"Big Moose",9,186.390395669869,"Medium"
"2019-P","1018",505.74428393308,"Hoefler, Norbert","Riederberg","Lower Austria","Austria","Austrian Weigh-off","Matthias 18",NA,282.608393446645,553.849230733236,0,"Big Max",9,229.401748363158,"Medium"
"2017-P","1441",209.060175189037,"Kittenberger, Christian und Dominik",NA,"Lower Austria","Austria","Austrian Weigh-off","1714 Lueders 15",NA,0,0,0,"Dill's Atlantic",9,94.8281003366106,"Light"
"2013-P","1129",328.838948314652,"Uematu, Taiga","Tonosho","Other","Japan","Nippon Ichi Dodekabocha Taikai",NA,NA,0,NA,0,"Connecticut Field",9,149.158837914351,"Light"
"2013-P","1230",251.548127707792,"Schieder, Christoph",NA,"Other","Austria","Austrian Weigh-off",NA,NA,0,0,0,"Cinderella",9,114.10031141604,"Light"
"2018-P","1680",101.978785892677,"Yada, Tsunehisa","Takamatsu","Other","Japan","Nippon Ichi Dodekabocha Taikai",NA,NA,0,0,0,"Champion",9,46.2567991827821,"Light"
"2016-P","DMG",668.448722658042,"Caravaggi, Valerio","Castelvecchio","Lazio","Italy","Campionato dello Zuccone",NA,NA,321.777144754999,706.21231675528,0,"Dill's Atlantic",9,303.203240333934,"Medium"
"2017-P","854",675.633992958926,"Aininger, Gerald","Phyra","Upper Austria","Austria","OO Landesgartenschau 2017 Kremsmunster",NA,NA,0,0,0,"Blue Hubbard",9,306.462424118802,"Medium"
"2018-P","1124",502.461650476001,"Teresa and Giovanni, Baini","Magione","Umbria","Italy","Pesa la Zucca! Foiano",NA,NA,287.562528013288,500.828202422767,0,"Connecticut Field",9,227.912770873521,"Medium"
"2017-P","1312",323.181905214723,"Salvagni, Augusto","Castelfiorentino","Tuscany","Italy","Pesa la Zucca! Foiano",NA,NA,238.77160935578,309.531249327376,3.06915168496533,"Prizewinner",9,146.592846327462,"Light"
"2014-P","910",693.520315433051,"Schoffnegger, Armin","St. Michael","Carinthia","Austria","Austrian Weigh-off",NA,NA,332.09344008939,677.818828213099,0,"Blue Hubbard",9,314.575523520425,"Medium"
"2015-P","1470",317.888037473829,"Marco, Rosati",NA,"Other","Italy","Pesa la Zucca! Foiano",NA,NA,243.518795170399,334.773036779078,0,"Big Max",9,144.191588312403,"Light"
"2014-P","1539",189.921361333181,"High School, Izumo-Norin","Sayo","Other","Japan","Nippon Ichi Dodekabocha Taikai",NA,NA,0,0,0,"Howden",9,86.1468804007438,"Light"
"2016-P","1156",509.50238968517,"Mazzucchelli, Mario",NA,"Lombardy","Italy","Pesa la Zucca! Foiano",NA,NA,270.7101076374,511.259056718549,5.90262059387848,"Early Giant",9,231.10639645796,"Medium"
"2014-P","829",691.209176166231,"Takahashi, Katumi","Izumo","Other","Japan","Nippon Ichi Dodekabocha Taikai",NA,NA,0,0,0,"Howden",9,313.527208382988,"Medium"
"2019-P","EXH",148.617913086164,"Melka, Friedrich","Tulln","Lower Austria","Austria","Austrian Weigh-off",NA,NA,175.313339861368,137.372899996038,7.94346072661586,"Jack O'Lantern",9,67.4119514212071,"Light"
"2020-P","763",631.688336629996,"Schieder, Christoph","Tulln","Lower Austria","Austria","Austrian Weigh-off","793.7 Dorner 19",NA,298.279379406169,687.764102346453,0,"Prizewinner",9,286.529009713357,"Medium"
"2015-P","1784",32.3880375163168,"Nibu, Kanehiro","Shozu, Kagawa","Other","Japan","Nippon Ichi Dodekabocha Taikai",NA,NA,0,0,NA,"Blue Hubbard",9,14.6909666966751,"Light"
"2019-P","713",832.766721977225,"Nakagawa, Takao","Ayagawa","Other","Japan","Nippon Ichi Dodekabocha Taikai",NA,NA,0,0,0,"Rouge Vif d’Etampes",9,377.73663107878,"Heavy"
"2017-P","692",787.595787732215,"Fujioka, Tadashi","Sayo, Hyogo","Other","Japan","Nippon Ichi Dodekabocha Taikai",NA,NA,0,0,0,"Jack O'Lantern",9,357.247439959472,"Medium"
"2015-P","1110",582.621334051719,"Ferraris, Giustino","Castelfiorentino","Other","Italy","Festa della zucca di sale",NA,NA,290.495726977875,589.792372821565,2.00985650680917,"Cinderella",9,264.272591725081,"Medium"
"2016-P","1179",463.661796680056,"Tosoni, Matteo","Castelfiorentino","Tuscany","Italy","Campionato dello Zuccone",NA,NA,272.835234230796,448.336055496489,0,"Champion",9,210.313453234565,"Medium"
"2021-P","EXH",269.760776256681,"Markl, Michael",NA,"Lower Austria","Austria","Leiserberge Weigh-off","2116 Lancaster 19","2241 Van Geel 19",NA,282.525479181697,0,"Dill's Atlantic",9,122.361429835308,"Light"
"2015-P","689",966.410653197333,"Innocenzo, Gregori","Calcio","Lombardy","Italy","Pesa la Zucca! Foiano",NA,NA,350.146382229305,930.780063809602,0,"Dill's Atlantic",9,438.356498577026,"Heavy"
"2020-P","1181",244.331773419676,"Nubi, Kanehiro","Tonosho","Other","Japan","Nippon Ichi Dodekabocha Taikai",NA,NA,0,0,0,"Early Giant",9,110.827028171734,"Light"
"2018-P","1688",87.3433632101155,"Valdambrini, Armando","Umbertide","Umbria","Italy","Campionato dello Zuccone",NA,NA,0,0,0,"Rouge Vif d’Etampes",9,39.6182831222471,"Light"
"2019-P","1728",17.8008452109976,"Kittenberger, Christian","Ernstbrunn","Lower Austria","Austria","Leiserberge Weigh-off",NA,NA,0,0,NA,"Rouge Vif d’Etampes",9,8.07432756725954,"Light"
"2015-P","1235",497.893461543321,"Kohl, Beatrice","St. Margarethen","Carinthia","Austria","Austrian Weigh-off","679 Joebstl 14",NA,0,0,0,"Big Max",9,225.840675228939,"Medium"
"2015-P","1784",32.6534516115219,"Kuzunishi, Takamiti","Hokuto","Other","Japan","Nippon Ichi Dodekabocha Taikai",NA,NA,0,0,0,"Jack O'Lantern",9,14.8113565051505,"Light"
"2015-P","1790",25.6799021079016,"Oka, Tadaichi","Shozu","Other","Japan","Nippon Ichi Dodekabocha Taikai",NA,NA,0,0,0,"Champion",9,11.6482076584911,"Light"
"2020-P","1222",205.757992435243,"Chiti, Davide","Calcio","Lombardy","Italy","Sfida degli Zucconi della Brianza",NA,NA,217.519988215301,204.930747595306,0,"Big Moose",9,93.3302554351437,"Light"
"2021-P","88",1844.69974743149,"emidio, boioni","Lamporecchio","Tuscany","Italy","Campionato dello Zuccone","1501 WanderWeilen","Self",NA,1933.12156958394,0,"Autumn Gold",9,836.741730375852,"Heavy"
"2021-P","1041",342.88590449294,"Puchner, Thomas",NA,"Lower Austria","Austria","Leiserberge Weigh-off","520.3 Grabmayer 19","open",245.699640458068,317.939989026859,3.93303296305174,"Rouge Vif d’Etampes",9,155.530430058546,"Light"
"2021-P","307",1184.00565141358,"Deri , Giacomo","Novellara","Emilia-Romagna","Italy","Campionato dello Zuccone","2294 Noel","Self",365.015785730345,1149.46335191029,3.98272502348537,"Big Moose",9,537.055929518079,"Heavy"
"2016-P","572",1058.51718682081,"Watanabe, Osamu","Izumo","Other","Japan","Nippon Ichi Dodekabocha Taikai",NA,NA,0,0,0,"Casper",9,480.135319455784,"Heavy"
"2016-P","EXH",412.509653462724,"Andrea, Anna e Pato, Turmolli","Terricciola","Tuscany","Italy","Campionato dello Zuccone",NA,NA,270.793445261227,405.04121639223,0,"Big Max",9,187.111231362036,"Medium"
"2013-P","500",816.381965102823,"Melka, Friedrich",NA,"Other","Austria","Austrian Weigh-off","934 Schieder 11",NA,NA,860.929787616,0,"Champion",9,370.304630376247,"Heavy"
"2019-P","1592",111.916544158318,"Ito, Masayuki","Hokuto","Other","Japan","Nippon Ichi Dodekabocha Taikai",NA,NA,0,0,0,"Rouge Vif d’Etampes",9,50.7644905069812,"Light"
"2014-P","1486",275.107307464101,"Gabriele, Rosso","Arezzo","Other","Italy","Campionato dello Zuccone","952 Bartoli",NA,228.835684941308,274.291384850074,0,"Spirit",9,124.78657559696,"Light"
"2020-P","308",1191.52121196948,"Joebstl, Waltraud","St. Oswald","Styria","Austria","Leiserberge Weigh-off","1594 Johnston-Butler","2138 Biermans",372.37039990262,1282.88532666527,0,"Rouge Vif d’Etampes",9,540.46493044251,"Heavy"
"2019-P","1410",262.570660344488,"Kinoshita, Akiko","Shodoshima","Other","Japan","Nippon Ichi Dodekabocha Taikai",NA,NA,0,0,NA,"Big Max",9,119.100048118121,"Light"
"2013-P","DMG",288.196830073181,"Barreca, Alessandro",NA,"Other","Italy","Pesa la Zucca! Foiano",NA,NA,241.141599150615,299.527883686002,0,"Big Max",9,130.723883179382,"Light"
"2017-P","1500",130.740057382439,"Liberatori, Lido","Inverigo","Lombardy","Italy","Festa della zucca di sale","unknow","unknow",177.875152704758,125.847441666597,NA,"Dill's Atlantic",9,59.3026924820363,"Light"
"2013-P","1129",338.490454469615,"koko 1, Izumonorin","Tonosho","Other","Japan","Nippon Ichi Dodekabocha Taikai",NA,NA,0,0,0,"Prizewinner",9,153.53668746525,"Light"
"2018-P","1730",46.7074854010556,"Honda, Saburo","Seiyo","Other","Japan","Nippon Ichi Dodekabocha Taikai",NA,NA,NA,0,0,"Early Giant",9,21.1861589998052,"Light"
"2017-P","1260",364.404049840021,"Turmolli, Andrea, Anna and Pato","Pontremoli","Tuscany","Italy","Campionato dello Zuccone",NA,NA,248.372579445274,365.655467297574,0,"Jack O'Lantern",9,165.290896604533,"Light"
"2014-P","930",640.567669565906,"Giuseppina, Monceri","Siena","Other","Italy","Festa della zucca di sale",NA,NA,304.546434566866,734.20928195487,0,"Prizewinner",9,290.556607383776,"Medium"
"2016-P","1279",353.219270935571,"Puchner, Wilfried","Langenlois","Lower Austria","Austria","Austrian Weigh-off","Garofano Vuolo 15",NA,0,0,0,"Casper",9,160.217566233338,"Light"
"2013-P","1209",296.654558872564,"Mizumoto, Michiko","Shozu","Other","Japan","Nippon Ichi Dodekabocha Taikai",NA,NA,0,0,0,"Jack O'Lantern",9,134.560244430311,"Light"
"2017-P","1135",469.60827197455,"Citybunkajigyoubu Koga, Kabuchikigaisha Jrhakata","Takamatsu","Other","Japan","Nippon Ichi Dodekabocha Taikai",NA,NA,0,0,0,"Spirit",9,213.01072905654,"Medium"
"2014-P","1018",604.643619383882,"Turmolli, Andrea","Dogliani","Other","Italy","Festa della zucca di sale","1753 bryson","self",302.551863099891,662.258322653669,0,"Howden",9,274.261732321713,"Medium"
"2014-P","995",617.19410724602,"Jaglarz, Mario","Gols","Burgenland","Austria","Austrian Weigh-off",NA,NA,283.245431097714,575.537934687459,4.94536444899777,"Big Max",9,279.954537855756,"Medium"
"2019-P","1527",162.842757957143,"Salvagni, Augusto","Viarigi","Piedmont","Italy","Pesa la Zucca! Foiano",NA,NA,189.636471716819,167.570501249379,0,"Jack O'Lantern",9,73.8642325191169,"Light"
"2019-P","1618",109.659057556745,"Priglhofer, Wolfgang",NA,"Vienna","Austria","Austrian Weigh-off","2043 Clementz",NA,149.833778642662,67.0287847688764,41.012258561231,"Rouge Vif d’Etampes",9,49.7405118091305,"Light"
"2014-P","1052",554.079501611048,"Takahashi, Masahiro","Shozu","Other","Japan","Nippon Ichi Dodekabocha Taikai",NA,NA,0,0,0,"Howden",9,251.326234304174,"Medium"
"2016-P","1390",304.447303778572,"Ragosta, Giovanni","Peccioli","Other","Italy","Festa della zucca di sale",NA,NA,238.001185932282,307.230776910391,0,"Rouge Vif d’Etampes",9,138.094974061032,"Light"
"2021-P","499",1026.0140855652,"Salvagni, Augusto","Viarigi","Piedmont","Italy","Campionato dello Zuccone","2174 Daletas","Self",357.309721248797,1066.1750361761,0,"Big Moose",9,465.392160724904,"Heavy"
"2013-P","456",990.924165559497,"Giovanni, Riva","Siena","Other","Italy","Festa della zucca di sale","948 Young","1321 Checkon",372.802910716108,883.09345903158,9.05963773852388,"Cinderella",9,449.475640746405,"Heavy"
"2019-P","710",776.845997644702,"Wischer, Andreas","Ernstbrunn","Lower Austria","Austria","Austrian Weigh-off","Karkos 2018",NA,325.497418030985,789.770342489271,0,"Atlantic Giant",9,352.371417196675,"Medium"
"2013-P","1056",429.451993017811,"Melka, Friedrich",NA,"Other","Austria","Austrian Weigh-off",NA,NA,0,0,0,"Blue Hubbard",9,194.796147314173,"Medium"
"2016-P","1613",75.0213196899396,"High School No 2, Nogyokeiei","Kurashiki","Other","Japan","Nippon Ichi Dodekabocha Taikai",NA,NA,0,0,0,"Wolf",9,34.0290981986874,"Light"
"2013-P","500",901.620060625351,"Schoetzer, Alexander","Ullrichskirchen","Other","Austria","Austrian Weigh-off","934 Schieder 11",NA,351.300772188528,938.308428175005,0,"Wolf",9,408.967980138597,"Heavy"
"2020-P","724",755.820317830731,"Nakajima, Kosuke","Shozu, Kagawa","Other","Japan","Nippon Ichi Dodekabocha Taikai",NA,NA,0,0,0,"Spirit",9,342.834329258994,"Medium"
"2021-P","842",549.454295179721,"Migliorini, Roberto","Teglio","Lombardy","Italy","Sfida degli Zucconi della Brianza","877.4 Jaglarz '18","self",291.365361368467,583.77115973502,0,"Early Giant",9,249.228275957249,"Medium"
"2017-P","999",582.645024482791,"Raduazzo, Leonardo","Sirtori","Lombardy","Italy","Festa della zucca di sale","Turmolli","Self",NA,605.330530917409,0,"Early Giant",9,264.283337523857,"Medium"
"2017-P","1567",64.4232841295546,"., Francesco","Pietravairano","Campania","Italy","Pesa la Zucca! Foiano",NA,NA,141.507253822592,74.8663030953724,0,"Jack O'Lantern",9,29.221910131508,"Light"
"2019-P","1004",551.796790968317,"Lacina, Martin","Riederberg","Lower Austria","Austria","Austrian Weigh-off","2020.5 Weishaeupl",NA,308.818907078397,539.527263254246,1.96169125527305,"Cinderella",9,250.290814173714,"Medium"
"2017-P","1047",563.937031465685,"Hammerl, Joachim","Riederberg","Lower Austria","Austria","Austrian Weigh-off",NA,NA,0,0,NA,"Champion",9,255.797534633284,"Medium"
"2019-P","1157",421.072384788027,"Markl, Michael","Buers","Vorarlberg","Austria","Austrian Weigh-off","Rudorfer",NA,265.041463895154,439.163292205901,NA,"Cinderella",9,190.995220957553,"Medium"
"2015-P","601",942.429096741006,"Vendepane, Giulio",NA,"Other","Italy","Festa della zucca di sale",NA,NA,347.570358748525,1057.18703205848,0,"Spirit",9,427.478647547712,"Heavy"
"2018-P","646",944.884489912138,"Aininger, Gerald",NA,"Lower Austria","Austria","Austrian Weigh-off","1644 Gehweiler","2252 Paton",345.991782676443,894.294754972615,NA,"Casper",9,428.592395155488,"Heavy"
"2018-P","195",1562.21098045146,"Lacina, Martin",NA,"Lower Austria","Austria","Austrian Weigh-off","1944 Conolly 18",NA,428.50648295842,NA,0,"Wolf",9,708.606981063002,"Heavy"
"2019-P","1699",46.7939738393486,"Urataki, Noboru","Tonosho","Other","Japan","Nippon Ichi Dodekabocha Taikai",NA,NA,0,0,0,"Blue Hubbard",9,21.2253894955081,"Light"
"2021-P","EXH",802.402752374341,"Gobbi, Alessio","Pontoglio","Lombardy","Italy","Sfida degli Zucconi della Brianza","1686.5 Cutrupi '18",NA,321.825634224288,805.989532587175,0,"Early Giant",9,363.963766144001,"Heavy"
"2015-P","511",1033.9377658322,"Cardini, Giovanni",NA,"Other","Italy","Pesa la Zucca! Foiano",NA,NA,362.88750766298,1069.53620467822,0,"Wolf",9,468.986281636334,"Heavy"
"2013-P","1524",45.3782619025767,"Yato, Nobuyuki",NA,"Other","Japan","Nippon Ichi Dodekabocha Taikai",NA,NA,0,0,0,"Atlantic Giant",9,20.5832333628705,"Light"
"2020-P","DMG",1037.84430756841,"Maffessoli, Valter","Caiazzo","Campania","Italy","Campionato dello Zuccone","561 Ragosta","Self",350.751309627854,1029.57481938908,5.77436530913682,"Spirit",9,470.758259160962,"Heavy"
"2015-P","1024",681.447593413225,"Nibu, Kanehiro","Hokuto","Other","Japan","Nippon Ichi Dodekabocha Taikai",NA,NA,0,0,0,"Early Giant",9,309.099428927101,"Medium"
"2014-P","346",1184.14956320098,"Barrella, Alessio",NA,"Other","Italy","Pesa la Zucca! Foiano","2032 Mathison",NA,408.166363325891,1347.28020329015,0,"Champion",9,537.121206806796,"Heavy"
"2018-P","1745",29.0033956077949,"Ito, Nobuyoshi","Shimoniikawa","Other","Japan","Nippon Ichi Dodekabocha Taikai",NA,NA,0,0,0,"Big Max",9,13.1557189517873,"Light"
"2018-P","116",1781.09956050944,"Prandi, Giuseppe","Sale Marasino","Lombardy","Italy","Festa della zucca di sale","1625 gartner","1625 gartner",415.244375322531,1456.23068829459,15.2097547465325,"Howden",9,807.893170857434,"Heavy"
"2015-P","1354",407.686005732831,"Hoefler, Nobert",NA,"Other","Austria","Austrian Weigh-off","1085 Wuersching 11",NA,0,0,0,"Prizewinner",9,184.923261556188,"Medium"
"2016-P","572",976.156013350996,"Fujioka, Tadashi","Nagano","Other","Japan","Nippon Ichi Dodekabocha Taikai",NA,NA,0,0,0,"Rouge Vif d’Etampes",9,442.77691958563,"Heavy"
"2019-P","1554",144.777607491643,"Mathias, Franz","St. Margarethen","Carinthia","Austria","Austrian Weigh-off","1524,8 Melka","self",NA,153.844502647347,0,"Prizewinner",9,65.6700181050642,"Light"
"2019-P","1701",48.0740993338261,"Taho, Jiro","Kurashiki","Other","Japan","Nippon Ichi Dodekabocha Taikai",NA,NA,0,0,0,"Early Giant",9,21.8060446524456,"Light"
"2014-P","1237",454.768154626381,"Nardi, Enzo","Marone","Other","Italy","Pesa la Zucca! Foiano",NA,NA,269.258763890952,453.589814551148,0,"Atlantic Giant",9,206.279365057507,"Medium"
"2018-P","859",755.344972039327,"Puchner, Thomas","Haag am Hausruck","Upper Austria","Austria","Austrian Weigh-off","793.6 Melka","695 Kaar 17",0,0,NA,"Early Giant",9,342.618716034902,"Medium"
"2015-P","1776",44.6487377597763,"Tanabe, Noriaki","Hokuto","Other","Japan","Nippon Ichi Dodekabocha Taikai",NA,NA,0,0,0,"Spirit",9,20.2523267779654,"Light"
"2020-P","1362",58.3176508461477,"Yukio, Ooe","Noda","Other","Japan","Nippon Ichi Dodekabocha Taikai",NA,NA,0,0,0,"Wolf",9,26.4524414601366,"Light"
"2018-P","1229",480.060741298488,"Peebes, Gianni",NA,"Veneto","Italy","Festa della zucca di sale",NA,NA,270.814535513549,456.918683040512,0,"Wolf",9,217.751889389538,"Medium"
"2014-P","730",869.662898678309,"Sartini, Valerio",NA,"Other","Italy","Pesa la Zucca! Foiano",NA,NA,349.525265976976,828.525325395401,0,"Cinderella",9,394.472455312564,"Heavy"
"2020-P","630",828.041461168333,"Puchner, Thomas",NA,"Lower Austria","Austria","Leiserberge Weigh-off","368 Joebstl","1369 Arsens",344.654757202017,906.39646896474,0,"Rouge Vif d’Etampes",9,375.593288829607,"Heavy"
"2021-P","229",1597.01522547357,"Augusto, Salvagni","Chiari","Lombardy","Italy","Sfida degli Zucconi della Brianza","2060,2 Paton '20","2416.5 Haist '18",427.093647507334,1582.60902089234,0,"Big Max",9,724.39392104864,"Heavy"
"2014-P","1728",52.4027369342183,"Kakiki, Ryoga","Shirako","Other","Japan","Nippon Ichi Dodekabocha Taikai",NA,NA,0,0,0,"Big Max",9,23.7694816404786,"Light"
"2017-P","736",793.626625601884,"Spreafico, Luca","Novellara","Emilia-Romagna","Italy","Festa della zucca di sale","1684 Willemjns","1944 Connoly",334.828125161402,876.760685709735,0,"Cinderella",9,359.982982001861,"Medium"
"2018-P","1000",562.970261332362,"Turmolli, Andrea","Calcio","Lombardy","Italy","Festa della zucca di sale","2009 wallace cross","1945 stelt",272.106053653721,562.856107505173,NA,"Big Moose",9,255.359015077265,"Medium"
"2014-P","513",1005.34371851328,"Ooe, Yukio","Marugame, Kagawa","Other","Japan","Nippon Ichi Dodekabocha Taikai",NA,NA,0,0,0,"Big Moose",9,456.016239945053,"Heavy"
"2018-P","1078",588.67199942593,"Cutrupi, Stefano","Foiano della Chiana","Tuscany","Italy","Campionato dello Zuccone","563 Garofano","Open",278.983272091153,567.107926319298,1.00825436832074,"Champion",9,267.017127372246,"Medium"
"2019-P","1664",69.2756010465179,"Utsunomiya, Hiroyoshi",NA,"Other","Japan","Nippon Ichi Dodekabocha Taikai",NA,NA,0,0,NA,"Early Giant",9,31.4228840618645,"Light"
"2019-P","EXH",1043.20606695731,"Sanita, Alessandro","Castelfiorentino","Tuscany","Italy","Pesa la Zucca! Foiano",NA,NA,331.684848045253,755.82480839088,36.3005237625152,"Early Giant",9,473.190312309544,"Heavy"
"2014-P","1576",174.591006030682,"Miyazaki, Masahiro","Hokuto, Yamanashi","Other","Japan","Nippon Ichi Dodekabocha Taikai",NA,NA,0,0,0,"Atlantic Giant",9,79.1931482061414,"Light"
"2018-P","642",965.023923177244,"Kurzreiter, Lukas","Riederberg","Lower Austria","Austria","Austrian Weigh-off","2090.5 Stelts",NA,358.669475328282,1164.43255034283,0,"Autumn Gold",9,437.727488420664,"Heavy"
"2016-P","917",766.490996526424,"Kuzunishi, Takamichi","Marugame","Other","Japan","Nippon Ichi Dodekabocha Taikai",NA,NA,0,0,NA,"Prizewinner",9,347.674467698083,"Medium"
"2013-P","960",486.866489064074,"Joebstl, Horst",NA,"Other","Austria","Austrian Weigh-off",NA,NA,0,0,0,"Connecticut Field",9,220.838924648152,"Medium"
"2014-P","1075",551.573048650747,"Nibu, Aiko","Shozu, Kagawa","Other","Japan","Nippon Ichi Dodekabocha Taikai",NA,NA,NA,0,0,"Blue Hubbard",9,250.189326365618,"Medium"
"2017-P","1472",174.464480002771,"Andrea, Gervasoni",NA,"Lombardy","Italy","Festa della zucca di sale","Unknow","Unknow",193.075953185831,182.30147052081,0.99022756157433,"Autumn Gold",9,79.1357569652743,"Light"
"2019-P","1131",452.540471730218,"Buechinger, Michael","Ernstbrunn","Lower Austria","Austria","Gartenbauschule Langenlois","1789 Paton","sibb",272.318240615076,489.153924185221,0,"Wolf",9,205.268905093028,"Medium"
"2017-P","1247",358.353779386885,"Boeck, Alexander","Kreutstetten","Lower Austria","Austria","Austrian Weigh-off",NA,NA,0,NA,0,"Jack O'Lantern",9,162.546540090554,"Light"
"2014-P","949",693.04458952376,"Mori, Guagnetti",NA,"Other","Italy","Campionato dello Zuccone","829 Cutrupi","1490 Cutrupi",NA,743.417117220124,0,"Spirit",9,314.35973787776,"Medium"
"2018-P","998",615.042616881079,"Schoffnegger, Armin",NA,"Lower Austria","Austria","Austrian Weigh-off",NA,NA,0,0,0,"Dill's Atlantic",9,278.978638242091,"Medium"
"2015-P","1288",444.0826289626,"Vito, Marino",NA,"Other","Italy","Festa della zucca di sale",NA,NA,271.990711119168,431.915940011166,7.86778520206049,"Howden",9,201.432492146976,"Medium"
"2021-P","493",1003.72934376263,"Rodler, Rita",NA,"Lower Austria","Austria","Austrian Weigh-off","1766.5 Kline","1395.5 Weisshaeupl 18",341.389057482728,1026.1208041412,0,"Big Moose",9,455.283971875836,"Heavy"
"2021-P","1026",383.465952104739,"Melka, Friedrich","Wien","Vienna","Austria","Leiserberge Weigh-off","1584 Melka","open",280.566198680024,NA,0,"Champion",9,173.937230029495,"Light"
"2018-P","1700",78.1451839417151,"Mitoyo Junior Chamber","Tonosho","Other","Japan","Nippon Ichi Dodekabocha Taikai",NA,NA,0,NA,0,"Early Giant",9,35.4460591882085,"Light"
"2018-P","1714",64.2872314716961,"Honda, Chiwako","Shozu, Kagawa","Other","Japan","Nippon Ichi Dodekabocha Taikai",NA,NA,0,0,0,"Casper",9,29.1601976839852,"Light"
"2014-P","EXH",79.0896940561538,"Melka, Friedrich",NA,"Other","Austria","Austrian Weigh-off",NA,NA,0,0,0,"Casper",9,35.8744817695057,"Light"
"2013-P","1495",84.046007367359,"Bartoli, Gabriella","Perugia","Other","Italy","Pesa la Zucca! Foiano",NA,NA,158.271457752447,99.3260327248102,0,"Jack O'Lantern",9,38.1226276707978,"Light"
"2018-P","1742",33.1743972145872,"Sudou, Youichi","Shozu, Kagawa","Other","Japan","Nippon Ichi Dodekabocha Taikai",NA,NA,0,0,0,"Dill's Atlantic",9,15.047653455886,"Light"
"2015-P","1705",116.277502673398,"Forino, Salvatore",NA,"Other","Italy","Festa della zucca di sale",NA,NA,171.006012382101,NA,2.93643501148161,"Casper",9,52.7425880153079,"Light"
"2018-P","EXH",746.442610126033,"Puchner, Thomas","Pruggern","Styria","Austria","Austrian Weigh-off","918 Schieder","2048 Willemijns",0,0,0,"Connecticut Field",9,338.580672596053,"Medium"
"2019-P","1701",46.5238816295127,"Kakiki, Ryoga","Shizuoka","Other","Japan","Nippon Ichi Dodekabocha Taikai",NA,NA,0,0,NA,"Howden",9,21.1028777299301,"Light"
"2017-P","907",602.768870475034,"Boschi, Valerio","Poggiridenti","Lombardy","Italy","Sfida degli Zucconi della Brianza","1636 Deletas","self",306.403680293275,620.568483183914,1.00420878034771,"Wolf",9,273.411360520994,"Medium"
"2014-P","1486",245.137004340976,"Biondi, Carlo","Dragoni","Other","Italy","Pesa la Zucca! Foiano",NA,NA,220.895219240596,224.660645852665,2.87356312002767,"Big Max",9,111.192274773723,"Light"
"2017-P","919",619.678505693954,"Cocozza, Michele","Foiano della Chiana","Tuscany","Italy","Campionato dello Zuccone",NA,NA,318.721029854939,674.152702609698,0,"Early Giant",9,281.081442035779,"Medium"
"2020-P","1119",306.354927394176,"Kuzunishi, Takamichi","Kuwana, Mie","Other","Japan","Nippon Ichi Dodekabocha Taikai",NA,NA,0,0,0,"Atlantic Giant",9,138.960257577902,"Light"
"2016-P","1658",15.2583631006332,"Kobayashi, Hiroshi","Takamatsu","Other","Japan","Nippon Ichi Dodekabocha Taikai",NA,NA,0,0,0,"Dill's Atlantic",9,6.92107708113677,"Light"
"2021-P","493",1013.05898475182,"Schodl, Josef","Ernstbrunn","Lower Austria","Austria","Austrian Weigh-off","1766.5 Kline","1395.5 Weisshaeupl 18",381.280032504125,1121.78275927484,0,"Blue Hubbard",9,459.515825843374,"Heavy"
"2018-P","983",627.519151583323,"Joebstl, Horst","Gols","Burgenland","Austria","Austrian Weigh-off","2307 Wallace DMG","1835 Werner",0,0,0,"Wolf",9,284.637899187069,"Medium"
"2018-P","1228",410.237151304566,"Nagai, Tominaga","Kanonji","Other","Japan","Nippon Ichi Dodekabocha Taikai",NA,NA,NA,0,0,"Big Moose",9,186.080441722287,"Medium"
"2020-P","711",744.704688660658,"Archetti, Paolo","Castelfiorentino","Tuscany","Italy","Campionato dello Zuccone","923.7 Asta","Open",316.361940741073,781.444025883621,0,"Big Max",9,337.7923646797,"Medium"
"2014-P","452",1181.29811814396,"Daniele, Farina","Pontedera","Other","Italy","Campionato dello Zuccone","1490 Cutrupi","Open",377.847286075575,1046.15762085209,3.85797893625168,"Howden",9,535.827813085461,"Heavy"
"2014-P","1715",71.9332162320729,"Suardi, Alberto","Perugia","Other","Italy","Pesa la Zucca! Foiano",NA,NA,151.935172963915,80.4826227831095,0,"Autumn Gold",9,32.6283580324284,"Light"
"2018-P","EXH",659.894373263949,"Benedikt, Gottfried","St. Margarethen","Carinthia","Austria","Austrian Weigh-off","1415 Melka",NA,0,0,0,"Howden",9,299.323052718459,"Medium"
"2014-P","1274",414.621333275596,"Cutrupi, Stefano","Arezzo","Other","Italy","Campionato dello Zuccone","952 Bartoli","Open",NA,378.29140205164,3.07651550128238,"Autumn Gold",9,188.069073213037,"Medium"
"2018-P","1739",38.0895835356479,"Sakaide Junior Chamber",NA,"Other","Japan","Nippon Ichi Dodekabocha Taikai",NA,NA,0,NA,0,"Early Giant",9,17.2771444682475,"Light"
"2019-P","DMG",734.847966973313,"Malentacchi, Alvaro","Goito","Lombardy","Italy","Sfida degli Zucconi della Brianza","1761,5 Cutrupi","Self",304.144881892938,NA,11.1371894546464,"Big Moose",9,333.321430929107,"Medium"
"2020-P","DMG",1152.79751658781,"Gregori, Stefano","Pietravairano","Campania","Italy","Campionato dello Zuccone","561 Ragosta","Self",366.947965178124,1106.85225532919,5.87127187446344,"Early Giant",9,522.900157679181,"Heavy"
"2015-P","1782",37.4121461503081,"kemifakabukabochakurabu, Kikkomanbaio","Nagano","Other","Japan","Nippon Ichi Dodekabocha Taikai",NA,NA,0,0,0,"Howden",9,16.9698640391046,"Light"
"2014-P","1674",106.495628177966,"Ghirardelli, Elisabetta",NA,"Other","Italy","Pesa la Zucca! Foiano",NA,NA,184.129328774608,148.413173915246,0,"Early Giant",9,48.3056043798826,"Light"
"2020-P","1380",40.7317181828549,"Group home Ainosato","Toyoake","Other","Japan","Nippon Ichi Dodekabocha Taikai",NA,NA,0,0,0,"Rouge Vif d’Etampes",9,18.4755965847333,"Light"
"2019-P","1660",81.3379179801757,"Chamber of Commerce (youth), Tonosho Town",NA,"Other","Japan","Nippon Ichi Dodekabocha Taikai",NA,NA,0,0,0,"Connecticut Field",9,36.8942589874935,"Light"
"2020-P","1373",55.2729844465418,"Hanai, Tamekazu","Izumo","Other","Japan","Nippon Ichi Dodekabocha Taikai",NA,NA,0,0,0,"Early Giant",9,25.07140401208,"Light"
"2018-P","1179",508.439730681011,"Dellamassa, Sonia","Umbertide","Umbria","Italy","Pesa la Zucca! Foiano",NA,NA,289.731754413797,554.684708501466,0,"Big Max",9,230.624382441761,"Medium"
"2019-P","529",906.895950127496,"Rodler, Bernd",NA,"Lower Austria","Austria","Gartenbauschule Langenlois","1527 Melka","1527 Melka",330.930657888874,945.559667891716,1.98439128988341,"Rouge Vif d’Etampes",9,411.361083361733,"Heavy"
"2018-P","524",941.783295909708,"Chiti, Davide","Garlate","Lombardy","Italy","Sfida degli Zucconi della Brianza","2016,60 Boonenherman","Self",333.307703813037,945.216500532127,5.25376461558518,"Big Max",9,427.185717218096,"Heavy"
"2021-P","858",554.862108595749,"Hoefler, Norbert","Retz","Lower Austria","Austria","Austrian Weigh-off","Biermans",NA,273.732397084562,613.729576539524,0,"Casper",9,251.681218861143,"Medium"
"2014-P","513",986.463786560538,"Kimata, Yasuo","Marugame, Kagawa","Other","Japan","Nippon Ichi Dodekabocha Taikai",NA,NA,0,0,0,"Prizewinner",9,447.452446865169,"Heavy"
"2015-P","1325",385.694468769406,"Prandi, Giuseppe","Valiano di Montepulciano","Tuscany","Italy","Campionato dello Zuccone",NA,NA,233.749429405374,362.682483874546,4.91866415336312,"Autumn Gold",9,174.948068185006,"Light"
"2015-P","882",891.989798740811,"Barreca, Alessandro",NA,"Other","Italy","Festa della zucca di sale",NA,NA,345.869699625957,748.253856726616,NA,"Connecticut Field",9,404.599766826667,"Heavy"
"2018-P","746",864.297898002832,"koko 1, Izumonorin","Kagawa","Other","Japan","Nippon Ichi Dodekabocha Taikai",NA,NA,0,0,0,"Champion",9,392.038931941123,"Heavy"
"2020-P","1023",416.428558119938,"Mathias, Franz","Gross Gerungs","Lower Austria","Austria","Austrian Weigh-off","Wallace",NA,253.131762863989,366.019429643902,8.66997455007546,"Prizewinner",9,188.888816613305,"Medium"
"2019-P","EXH",979.786209263106,"Ondelli, Franco","Castelfiorentino","Tuscany","Italy","Pesa la Zucca! Foiano",NA,NA,304.732917090049,712.840877421459,35.4847194863914,"Spirit",9,444.423548752968,"Heavy"
"2018-P","1179",445.742786088659,"Gervasoni, Marta","Umbertide","Umbria","Italy","Pesa la Zucca! Foiano",NA,NA,268.919446843186,485.76207145374,0,"Early Giant",9,202.185526752358,"Medium"
"2018-P","351",1317.99858191794,"Gartenbauschule Langenlois, Team Schaugarten","Bad Voeslau","Lower Austria","Austria","Austrian Weigh-off","2269 Paton","2145 McMullen",409.294525976182,1571.49182569415,0,"Casper",9,597.834100428797,"Heavy"
"2017-P","587",981.701124472804,"Horikawa, Masaru","Shodoshima","Other","Japan","Nippon Ichi Dodekabocha Taikai",NA,NA,0,0,0,"Blue Hubbard",9,445.292139681284,"Heavy"
"2017-P","EXH",592.893753850876,"Ricci, Giulio","Foiano","Tuscany","Italy","Campionato dello Zuccone",NA,NA,302.265930348409,614.863794847091,0,"Early Giant",9,268.932082967416,"Medium"
"2019-P","1076",477.761287738965,"Asta, Carmelo","Foiano della chiana","Tuscany","Italy","Pesa la Zucca! Foiano",NA,NA,288.755513938096,540.694257183385,0,"Casper",9,216.708874799769,"Medium"
"2019-P","1010",570.620656013044,"Arigucci, Gabriele","Radda in Chianti","Tuscany","Italy","Campionato dello Zuccone","1641 Team Petrelli","Self",285.788130009392,NA,4.08694139877275,"Connecticut Field",9,258.829175731911,"Medium"
"2013-P","1171",329.990842195308,"Mihara, Noriko","Shozu, Kagawa","Other","Japan","Nippon Ichi Dodekabocha Taikai",NA,NA,0,0,0,"Spirit",9,149.681328189666,"Light"
"2016-P","1474",211.894035675331,"Briini, Bruno-Tiziana-Gino",NA,"Tuscany","Italy","Campionato dello Zuccone",NA,NA,226.067821594618,272.011126025018,0,"Champion",9,96.1135178308381,"Light"
"2013-P","EXH",685.321019818504,"Kloch, Kevin",NA,"Other","Austria","Austrian Weigh-off","Ghaye",NA,NA,768.436455755926,0,"Wolf",9,310.856385590292,"Medium"
"2019-P","951",559.372599191544,"Andreoli, Gianfranco","Lumezzane","Lombardy","Italy","Sfida Nazionale della Zucca - Club Maspiano","Unknow","Self",281.868234573574,601.454689255202,0,"Dill's Atlantic",9,253.727142980352,"Medium"
"2018-P","1669",92.3852966511292,"Ueno, Tuyoshi","Kurashiki","Other","Japan","Nippon Ichi Dodekabocha Taikai",NA,NA,0,NA,NA,"Jack O'Lantern",9,41.9052656611388,"Light"
"2013-P","1106",401.87572003477,"Bertone, Andrea",NA,"Other","Italy","Festa della zucca di sale",NA,NA,258.258435622906,367.455380854478,9.22333051446094,"Atlantic Giant",9,182.287760296028,"Medium"
"2019-P","881",655.050033322787,"Puchner, Thomas","Bad Voeslau","Lower Austria","Austria","Austrian Weigh-off","2043 Clementz","1527.5 Melka",308.275380310538,708.866561649787,0,"Atlantic Giant",9,297.125697083462,"Medium"
"2015-P","995",642.497420439226,"Alice, Mora","Grosseto","Other","Italy","Campionato dello Zuccone","1488 Cutrupi est-dmg","Open",310.499255229875,NA,8.03466556087916,"Howden",9,291.431927655915,"Medium"
"2013-P","342",986.023237893109,"Topini, Cinzia","Chivasso","Other","Italy","Festa della zucca di sale","1495 steels","1789 Wallace",347.173961472285,899.961139397522,12.5312409365881,"Casper",9,447.252617351009,"Heavy"
"2013-P","456",889.983423162541,"Mosti, Rossano","Arezzo","Other","Italy","Festa della zucca di sale","948 Young","1321 Checkon",NA,816.373273021649,8.79008422398452,"Rouge Vif d’Etampes",9,403.68969017301,"Heavy"
"2017-P","1194",403.516732558928,"Tosoni, Matteo","Goito","Lombardy","Italy","Festa della zucca di sale","Open","Open",261.030567530026,NA,0,"Big Max",9,183.032111056061,"Medium"
"2021-P","1332",75.254782275765,"Salvagni, Augusto","Novellara","Emilia-Romagna","Italy","Campionato dello Zuccone",NA,NA,150.292832724413,79.9037659611915,0,"Dill's Atlantic",9,34.1349950462982,"Light"
"2019-P","EXH",141.607673188618,"Lacina, Martin","Eggendorf","Lower Austria","Austria","Austrian Weigh-off",NA,NA,174.101567637771,125.106627658826,7.67158703457537,"Jack O'Lantern",9,64.2321600918108,"Light"
"2019-P","EXH",530.702026630934,"Team Langenlois Gartenbauschule",NA,"Lower Austria","Austria","Austrian Weigh-off","1944 Conolly",NA,294.120238510114,661.68786114348,0,"Connecticut Field",9,240.722390023329,"Medium"
"2018-P","1358",331.206042378502,"Boschi, Valerio","Pontedera","Tuscany","Italy","Pesa la Zucca! Foiano",NA,NA,238.034531378105,338.46973202836,3.01075613705709,"Blue Hubbard",9,150.232533720785,"Light"
"2017-P","1451",197.018699753674,"Garofano, Emanuele",NA,"Lombardy","Italy","Sfida degli Zucconi della Brianza","unknow",NA,199.774322011467,178.383352605829,5.90013749496741,"Spirit",9,89.3661789555874,"Light"
"2016-P","244",1372.19339758072,"soc agr, calzolari","Francolino (Fe)","Emilia-Romagna","Italy","Pesa la Zucca! Foiano",NA,NA,376.62388219014,994.634700968672,33.9316185740846,"Wolf",9,622.416455306991,"Heavy"
"2013-P","861",491.120531913222,"Colzani, Enrico","Perugia","Other","Italy","Festa della zucca di sale",NA,NA,278.830416572121,515.427280844635,0,"Champion",9,222.768526026179,"Medium"
"2020-P","1222",221.34477330217,"Alessio, Gobbi","Goito","Lombardy","Italy","Sfida degli Zucconi della Brianza",NA,NA,236.799917656096,232.06128427243,0,"Autumn Gold",9,100.400300309244,"Light"
"2013-P","212",1173.77825590699,"Melka, Friedrich",NA,"Other","Austria","Austrian Weigh-off","934 Schieder 11","self",383.916718903995,1221.42377448944,0,"Dill's Atlantic",9,532.416860951318,"Heavy"
"2016-P","371",1122.51316227032,"Tarcisio, Buffoli","Caiazzo","Campania","Italy","Campionato dello Zuccone","1861 Cutrupi","1985 Miller",NA,1102.9313555444,6.84227963694109,"Champion",9,509.163405630387,"Heavy"
"2021-P","1224",187.459463859864,"Aininger, Gerald","Baerndorf","Lower Austria","Austria","Austrian Weigh-off",NA,NA,215.238293860957,220.320030793971,NA,"Wolf",9,85.0301824911248,"Light"
"2018-P","1083",570.150866498607,"Die Garten Tulln, Team",NA,"Lower Austria","Austria","Austrian Weigh-off","Mathias",NA,0,0,0,"Prizewinner",9,258.616082792657,"Medium"
"2014-P","370",1230.01977885482,"Team Langenlois Gartenbauschule","Schiltern","Lower Austria","Austria","Austrian Weigh-off","1222 Wuersching",NA,388.728155348074,1233.38329352959,0,"Champion",9,557.927586637635,"Heavy"
"2019-P","970",522.370029169578,"Zwillinge, Schodl","Tulln","Lower Austria","Austria","Austrian Weigh-off","1311.1 Mathias 17","sibb",297.01600506891,NA,0,"Jack O'Lantern",9,236.943059547998,"Medium"
"2017-P","1534",87.6233087368463,"Hamanaka, Norihito","Shozu","Other","Japan","Nippon Ichi Dodekabocha Taikai",NA,NA,0,0,0,"Rouge Vif d’Etampes",9,39.7452642771878,"Light"
"2018-P","1627",130.324642591633,"Schieder, Christoph","Riederberg","Vienna","Austria","Austrian Weigh-off","1124.8 Melka","1527.8 Melka",NA,141.652929455313,0,"Blue Hubbard",9,59.1142635025418,"Light"
"2019-P","1410",258.193080032415,"Hirabayashi, Kazuya","Shozu","Other","Japan","Nippon Ichi Dodekabocha Taikai",NA,NA,0,0,0,"Casper",9,117.114411089503,"Light"
"2015-P","445",1188.74822221248,"Giustarini, Vinicio","Arezzo","Other","Italy","Festa della zucca di sale",NA,NA,401.160096252343,1179.80985486447,0,"Big Moose",9,539.207123446643,"Heavy"
"2019-P","388",1195.40717157953,"Turmolli, Andrea, Anna and Pato",NA,"Lombardy","Italy","Sfida Nazionale della Zucca - Club Maspiano",NA,"Werner 1810",381.777684494469,1161.10649712642,0,"Connecticut Field",9,542.227572071755,"Heavy"
"2014-P","203",1291.17166538595,"Cassioli, Andrea","Artogne","Other","Italy","Festa della zucca di sale","1749 hanfchman","1625 gantner",414.301939943664,1298.87506372647,3.02208834484551,"Connecticut Field",9,585.665615779261,"Heavy"
"2014-P","440",1065.45159777921,"Inzillo, Pasquale",NA,"Other","Italy","Festa della zucca di sale","1022 agnelli","open",373.170268482685,1116.53888534007,0,"Prizewinner",9,483.280715356957,"Heavy"
"2018-P","1151",555.055877515668,"Kitahara, Kazuhiro","Shozu","Other","Japan","Nippon Ichi Dodekabocha Taikai",NA,NA,0,0,0,"Jack O'Lantern",9,251.769110964762,"Medium"
"2018-P","688",879.932016806827,"Melka, Friedrich","Tulln","Lower Austria","Austria","Austrian Weigh-off","Howell/Jolivette",NA,344.859700423935,892.240647982576,0,"Champion",9,399.130448942289,"Heavy"
"2015-P","1051",593.41044414866,"Ondelli, Franco","Castelfiorentino","Tuscany","Italy","Pesa la Zucca! Foiano",NA,NA,311.876399853057,601.760773947445,0,"Big Max",9,269.166449744143,"Medium"
"2014-P","EXH",396.203236204332,"Kreuzspiegl, Thomas",NA,"Other","Austria","Austrian Weigh-off",NA,NA,0,0,0,"Champion",9,179.714764911593,"Light"
"2020-P","1018",395.266083582754,"Priglhofer, Wolfgang","Doerfles","Lower Austria","Austria","Leiserberge Weigh-off",NA,"2433 Paton",259.436343134539,385.365182539232,0.999948167628635,"Big Max",9,179.289679632919,"Light"
"2020-P","1165",260.26834097336,"Hamanaka, Kouzo","Shozu, Kagawa","Other","Japan","Nippon Ichi Dodekabocha Taikai",NA,NA,0,0,0,"Prizewinner",9,118.055733618075,"Light"
"2020-P","888",612.507693145877,"Toshiaki, Shiraki","Miyakonojo","Other","Japan","Nippon Ichi Dodekabocha Taikai",NA,NA,0,0,0,"Connecticut Field",9,277.828816177271,"Medium"
"2021-P","100",1625.88290116364,"Kreuzspiegl, Thomas",NA,"Lower Austria","Austria","Leiserberge Weigh-off","2226.7 Boonen","1911 Urena",404.68299573132,1596.03314034896,NA,"Big Max",9,737.488078481292,"Heavy"
"2020-P","962",514.694752798119,"Schodl, Zwillinge","Kleinhadersdorf","Lower Austria","Austria","Retzer Land Weigh-off","520.3 Grabmayer 19","1395.6 Weishaeupl 18",NA,548.930518429343,0,"Casper",9,233.461612748263,"Medium"
"2015-P","EXH",575.828135907926,"Melka, Friedrich",NA,"Lower Austria","Austria","Austrian Weigh-off","2323 Meier 14",NA,0,0,0,"Champion",9,261.191248879158,"Medium"
"2018-P","524",970.701828767667,"Vincenzo Italiano","Goito","Lombardy","Italy","Sfida degli Zucconi della Brianza","2016,60 Boonenherman","Self",335.646391888043,NA,4.82109942980929,"Big Moose",9,440.30294307406,"Heavy"
"2016-P","1409",278.739573095009,"Joebstl, Horst","Niederleis","Lower Austria","Austria","Austrian Weigh-off",NA,NA,0,0,0,"Jack O'Lantern",9,126.434143572953,"Light"
"2015-P","1788",27.0356687072463,"Yokozawa, Yozaemon","Tohaku","Other","Japan","Nippon Ichi Dodekabocha Taikai",NA,NA,0,0,0,"Dill's Atlantic",9,12.2631730434547,"Light"
"2019-P","1617",106.602113173525,"Mitra, Marco","Marone","Lombardy","Italy","Sfida degli Zucconi della Brianza",NA,NA,158.450339130415,92.6123883063497,12.4794303826867,"Rouge Vif d’Etampes",9,48.3539051613876,"Light"
"2015-P","1303",442.312531644764,"Puchner, Ulrike",NA,"Styria","Austria","Austrian Weigh-off","716 Team Biggis 12",NA,NA,471.502188995533,0,"Rouge Vif d’Etampes",9,200.629589509449,"Medium"
"2017-P","837",631.736501857265,"Turmolli, Andrea","Peccioli","Tuscany","Italy","Campionato dello Zuccone","1521.2 Cutrupi","1333 Garofano",289.327895773416,666.838725390848,0,"Rouge Vif d’Etampes",9,286.550857092946,"Medium"
"2018-P","785",807.519447338113,"Az.Agr.Cannavina","Malonno","Lombardy","Italy","Pesa la Zucca! Foiano",NA,NA,317.238371281942,815.348270396871,0,"Blue Hubbard",9,366.284659939185,"Heavy"
"2014-P","1673",106.641149577956,"Gartenschau, DIE GARTEN TULLN",NA,"Other","Austria","Austrian Weigh-off",NA,NA,0,NA,0,"Early Giant",9,48.3716117765896,"Light"
"2020-P","200",1320.8350746443,"Fellner, Herbert","Leitzersdorf","Lower Austria","Austria","Leiserberge Weigh-off","2016.6 Boonen 2017","2226.7 DMGBoonenHerman 2018",374.852977479341,1516.39591650451,0,"Prizewinner",9,599.120711887034,"Heavy"
"2019-P","1296",317.309727656899,"federation council, Higashiueta Healthy youth development","Takamatsu","Other","Japan","Nippon Ichi Dodekabocha Taikai",NA,NA,0,NA,0,"Howden",9,143.929271391947,"Light"
"2021-P","1026",351.41818181276,"Markl, Michael","Wien","Vienna","Austria","Leiserberge Weigh-off","1584 Melka","open",267.119684520838,405.10644874083,0,"Cinderella",9,159.400605949541,"Light"
"2017-P","1553",76.9566711781639,"Spreafico, Luca","Palazzolo sull'Oglio","Lombardy","Italy","Festa della zucca di sale","unknow","unknow",144.662508161959,73.937987014353,0,"Big Moose",9,34.9069588670141,"Light"
"2020-P","941",513.059301393932,"Schoys, Zita",NA,"Upper Austria","Austria","Leiserberge Weigh-off","1374 Engel","open",274.04364160533,475.257177735719,2.97377958227841,"Blue Hubbard",9,232.719784469818,"Medium"
"2018-P","1627",124.295456125323,"Kinast, Berhard","Wien","Vienna","Austria","Austrian Weigh-off","1124.8 Melka","1527.8 Melka",177.548791508692,149.350846278219,0,"Early Giant",9,56.3794705241161,"Light"
"2018-P","725",890.028888095654,"Shimizu, Takenori","Shodoshima","Other","Japan","Nippon Ichi Dodekabocha Taikai",NA,NA,0,0,0,"Blue Hubbard",9,403.710312719773,"Heavy"
"2017-P","1534",107.513917956981,"Grouphome Ainosato","Kuwana, Mie","Other","Japan","Nippon Ichi Dodekabocha Taikai",NA,NA,0,0,0,"Jack O'Lantern",9,48.7674928540926,"Light"
"2015-P","EXH",381.956686923248,"Markl, Michael","Muckendorf","Lower Austria","Austria","Austrian Weigh-off","1751 Lovse 14",NA,0,0,0,"Rouge Vif d’Etampes",9,173.252638858864,"Light"
"2017-P","1524",104.532915946982,"Schoys, Zita","Walperbach","Lower Austria","Austria","Austrian Weigh-off",NA,NA,0,0,0,"Dill's Atlantic",9,47.4153330874025,"Light"
"2013-P","73",1391.92739279902,"Chiti, Davide",NA,"Other","Italy","Festa della zucca di sale","1421 Stelt","1789 Wallace",412.225962324652,1399.60869119752,NA,"Casper",9,631.367644967629,"Heavy"
"2016-P","1648",31.3861473565733,"Kreuzspiegl, Thomas","Tulln","Lower Austria","Austria","Austrian Weigh-off",NA,NA,0,0,0,"Spirit",9,14.2365169646373,"Light"
"2017-P","1507",137.002814625506,"Nibu, Riko","Marugame, Kagawa","Other","Japan","Nippon Ichi Dodekabocha Taikai",NA,NA,0,0,NA,"Blue Hubbard",9,62.1434313826539,"Light"
"2015-P","524",1105.02540896736,"Ricci, Giulio","Arezzo","Other","Italy","Festa della zucca di sale",NA,NA,359.250113503118,1112.99406494352,0,"Autumn Gold",9,501.231094163723,"Heavy"
"2017-P","1116",475.425782493664,"Team, Die Garten Tulln","Langenlois","Lower Austria","Austria","OO Landesgartenschau 2017 Kremsmunster","1714 Lueders","SIBB",0,0,0,"Atlantic Giant",9,215.649507440406,"Medium"
"2019-P","1131",441.53984397539,"Hoefler, Norbert","Kleinhadersdorf","Lower Austria","Austria","Gartenbauschule Langenlois","1789 Paton","sibb",268.855963413428,452.795335595359,0,"Big Moose",9,200.279104278227,"Medium"
"2021-P","EXH",697.920934026671,"Agnelli, Chiara","Garlate","Lombardy","Italy","Sfida degli Zucconi della Brianza","1143 Hoecke '16","Self",316.415894762878,615.653598036939,6.82204964709526,"Spirit",9,316.571610537771,"Medium"
"2017-P","EXH",627.376316790116,"Fiorini, Pietro","Pontedera","Tuscany","Italy","Campionato dello Zuccone",NA,NA,299.95013241995,639.897217029802,0,"Atlantic Giant",9,284.573110414699,"Medium"
"2017-P","671",887.175843293704,"Tosoni, Matteo","Goito","Lombardy","Italy","Festa della zucca di sale","1415 Brezzanix",NA,327.700691130598,890.443634560033,3.1029155027003,"Big Moose",9,402.41619336634,"Heavy"
"2017-P","708",846.267623980112,"Melka, Friedrich","St. Marien","Upper Austria","Austria","Austrian Weigh-off","1905 Willemijns",NA,340.579956344279,891.251751498697,0,"Jack O'Lantern",9,383.860537215408,"Heavy"
"2019-P","785",663.658965629915,"Kohl, Beatrice","Muckendorf","Lower Austria","Austria","Austrian Weigh-off",NA,NA,306.11204242709,699.836790946559,0.959065574311073,"Cinderella",9,301.030643091822,"Medium"
"2020-P","1243",189.656593535797,"Boeck, Alexander",NA,"Upper Austria","Austria","Austrian Weigh-off",NA,NA,200.054956099032,178.910883282944,0.996801393161088,"Blue Hubbard",9,86.0267837480287,"Light"
"2016-P","1484",186.733097186519,"Chiatti, Carla","Ambra","Tuscany","Italy","Pesa la Zucca! Foiano",NA,NA,NA,198.674018248297,2.0042526082261,"Early Giant",9,84.7007081102735,"Light"
"2019-P","1018",562.330390773367,"Pfleger, Patrick","Riederberg","Lower Austria","Austria","Austrian Weigh-off","Matthias 18",NA,286.323132417311,586.741095445451,0,"Blue Hubbard",9,255.068774673918,"Medium"
"2020-P","198",1414.8206949956,"Gobbi, Alessio","Sale Marasino","Lombardy","Italy","Sfida Nazionale della Zucca - Club Maspiano","1810 Werner 2016","Self",389.507349231669,1388.17381556838,0,"Howden",9,641.7518721681,"Heavy"
"2017-P","752",754.04301292771,"Fujiwara, Norihisa","Kamogawa","Other","Japan","Nippon Ichi Dodekabocha Taikai",NA,NA,0,0,0,"Dill's Atlantic",9,342.028157315821,"Medium"
"2013-P","1279",236.94778923157,"Tosoni, Matteo","Marone","Other","Italy","Festa della zucca di sale",NA,NA,209.034548279302,229.497618856738,2.91380536597948,"Spirit",9,107.477709283808,"Light"
"2017-P","1334",302.914585167433,"Team 721","Lamporecchio","Tuscany","Italy","Campionato dello Zuccone","1199 Squitieri","Open",250.437855796009,336.212682515344,0,"Early Giant",9,137.399744593663,"Light"
"2015-P","473",1122.01974353209,"Arrigucci, Gabriele","Marone","Lombardy","Italy","Festa della zucca di sale",NA,NA,NA,1014.11374336859,10.816481284196,"Atlantic Giant",9,508.939594655512,"Heavy"
"2015-P","1026",676.829771290493,"., Ciompi","Capua","Campania","Italy","Campionato dello Zuccone","445 De Matteo","Open",293.710026620861,NA,24.2439802633348,"Blue Hubbard",9,307.004820046213,"Medium"
"2014-P","653",842.556692854819,"sharon, bonelli","Peccioli","Other","Italy","Festa della zucca di sale",NA,NA,NA,831.0488005979,2.92650169554018,"Dill's Atlantic",9,382.17728717138,"Heavy"
"2019-P","1419",214.895941731029,"Fumi, Lorenzo","Goito","Lombardy","Italy","Sfida Nazionale della Zucca - Club Maspiano","Salvagni 2017","Open",212.680887872625,214.198704362355,6.85686674523458,"Blue Hubbard",9,97.4751595131595,"Light"
"2019-P","1559",142.337361641665,"Nubi, Kanehiro","Takamatsu","Other","Japan","Nippon Ichi Dodekabocha Taikai",NA,NA,0,0,0,"Champion",9,64.5631412065899,"Light"
"2021-P","1180",225.122647660549,"Schieder, Christoph",NA,"Lower Austria","Austria","Retzer Land Weigh-off","1784 Stelts 17",NA,209.466108054404,221.361707222939,0.980366967507422,"Rouge Vif d’Etampes",9,102.113915293023,"Light"
"2017-P","514",1024.74906571714,"Turmolli, Andrea","Peccioli","Tuscany","Italy","Campionato dello Zuccone","1333 Garofano","Open",365.683607021295,NA,0.988100175715836,"Jack O'Lantern",9,464.818357373925,"Heavy"
"2019-P","1699",43.2215220755042,"KuboYoshitaka, Higashiuedakokuseisyonenkenzenikuseirenrakukyogik","Shozu","Other","Japan","Nippon Ichi Dodekabocha Taikai",NA,NA,0,0,0,"Early Giant",9,19.6049526332353,"Light"
"2013-P","294",1132.15355520927,"Akatani, Hiroshi","Shozu","Other","Japan","Nippon Ichi Dodekabocha Taikai",NA,NA,0,0,0,"Big Max",9,513.5362143113,"Heavy"
"2020-P","863",556.789423565011,"Ueno, Koji",NA,"Other","Japan","Nippon Ichi Dodekabocha Taikai",NA,NA,0,0,0,"Blue Hubbard",9,252.555434225787,"Medium"
"2016-P","931",641.348708253397,"Bertone, Cinzia","Sirtori","Lombardy","Italy","Festa della zucca di sale",NA,NA,289.970683426265,652.021749765907,4.05854109472881,"Rouge Vif d’Etampes",9,290.910880573097,"Medium"
"2013-P","963",456.137412475336,"Martin, Lacina","Bad Voeslau","Lower Austria","Austria","Austrian Weigh-off",NA,NA,0,0,0,"Prizewinner",9,206.900449970355,"Medium"
"2015-P","1245",525.372186596956,"Parafioriti, Salvatore","Merate","Lombardy","Italy","Festa della zucca di sale",NA,NA,257.59855752546,397.836358454996,28.1626312277107,"Casper",9,238.304815250596,"Medium"
"2019-P","1527",167.172721825959,"Morucci, Davide","Lesegno","Piedmont","Italy","Pesa la Zucca! Foiano",NA,NA,199.725584592386,176.549614763006,0,"Jack O'Lantern",9,75.8282710923877,"Light"
"2016-P","DMG",1527.13909301256,"Squitieri, Danilo","Magione","Umbria","Italy","Pesa la Zucca! Foiano",NA,NA,415.177219666827,1240.2834983555,16.1666084427818,"Spirit",9,692.698640519217,"Heavy"
"2015-P","1006",707.674632141018,"Miki, Yoshie","Shozu","Other","Japan","Nippon Ichi Dodekabocha Taikai",NA,NA,0,0,0,"Jack O'Lantern",9,320.995813581723,"Medium"
"2018-P","983",661.555957277635,"Martin, Lacina","Gols","Burgenland","Austria","Austrian Weigh-off","2307 Wallace DMG","1835 Werner",0,0,NA,"Blue Hubbard",9,300.076734549181,"Medium"
"2018-P","1185",505.19106071768,"Team, Gemeinde Tulln","Waidhofen/Thaya","Lower Austria","Austria","Austrian Weigh-off","1784 Stels 17","2269 Paton",NA,502.113526663398,1.01784836966894,"Big Max",9,229.150810533746,"Medium"
"2013-P","949",510.269164511175,"Mathias, Franz","Pruggern","Other","Austria","Austrian Weigh-off",NA,NA,0,0,0,"Prizewinner",9,231.454199668544,"Medium"
"2014-P","1051",536.01868301319,"Castelli, Carlo","Peccioli","Other","Italy","Pesa la Zucca! Foiano",NA,NA,304.237834875636,608.059898269283,0,"Casper",9,243.133984792231,"Medium"
"2013-P","1341",201.27765306652,"Boschi, Valerio","Siena","Other","Italy","Pesa la Zucca! Foiano",NA,NA,211.858498717162,203.466147522357,0,"Cinderella",9,91.2980076824805,"Light"
"2019-P","EXH",266.159791937676,"Cotti, Luoisiana","Peccioli","Tuscany","Italy","Pesa la Zucca! Foiano",NA,NA,228.694076962297,296.446990428911,0,"Spirit",9,120.728050823717,"Light"
"2021-P","643",775.498666838468,"Mathias, Franz","Retz","Lower Austria","Austria","Leiserberge Weigh-off","1396 Melka","1067 Joebstl",305.789429158903,861.648837070793,0,"Rouge Vif d’Etampes",9,351.760278223101,"Medium"
"2018-P","1000",647.779046274594,"Tosoni, Matteo","Malonno","Lombardy","Italy","Festa della zucca di sale","2009 wallace cross","1945 stelt",309.49216199229,627.58772971729,6.091937259134,"Champion",9,293.827632836033,"Medium"
"2020-P","EXH",128.5552304619,"Turla, Antonio","Castelfiorentino","Tuscany","Italy","Pesa la Zucca! Foiano",NA,NA,176.754369086106,130.001309591723,0,"Blue Hubbard",9,58.3116716611092,"Light"
"2019-P","1563",138.229434099039,"Nubi, Kanehiro","Higasine","Other","Japan","Nippon Ichi Dodekabocha Taikai",NA,NA,0,0,0,"Blue Hubbard",9,62.6998166167421,"Light"
"2019-P","1512",190.444839408646,"Milani, Joele","Cologne","Lombardy","Italy","Sfida degli Zucconi della Brianza","1761,5 Cutrupi","Self",208.402173519015,173.309752999811,5.01976426102764,"Autumn Gold",9,86.3843260616369,"Light"
"2018-P","EXH",692.29602902315,"Markl, Michael","Dietmans 19","Lower Austria","Austria","Austrian Weigh-off","Howell/Jolivette",NA,0,0,0,"Big Max",9,314.0201965462,"Medium"
"2018-P","920",746.582195725997,"Eichinger, Thomas","Gross Gerungs","Lower Austria","Austria","Austrian Weigh-off","1080.9 Melka",NA,0,0,0,"Atlantic Giant",9,338.643987559159,"Medium"
"2021-P","300",1288.25670273205,"Cassioli, Andrea","Calcio","Lombardy","Italy","Sfida degli Zucconi della Brianza","2139.4 Skonager","Self",378.45661647117,1345.47995552803,0,"Autumn Gold",9,584.343410960615,"Heavy"
"2015-P","567",1012.25383588862,"Turmolli, Andrea","Castelfiorentino","Other","Italy","Campionato dello Zuccone","1776 Deswert","1789 Wallace",376.461274776861,1073.96772959797,0,"Prizewinner",9,459.150616462312,"Heavy"
"2019-P","660",889.432613895947,"Hanai, Tamekazu","Shozu, Kagawa","Other","Japan","Nippon Ichi Dodekabocha Taikai",NA,NA,0,NA,0,"Early Giant",9,403.439847292358,"Heavy"
"2021-P","1263",136.37825720742,"Benedikt, Maria","Wien","Vienna","Austria","Retzer Land Weigh-off","1225.8 Kurzreiter 20","open",193.245313056894,160.661823225376,0,"Spirit",9,61.8601369031833,"Light"
"2015-P","1381",433.253190303156,"Teichmann, Erik",NA,"Other","Austria","Austrian Weigh-off","1751 Lovse 14",NA,0,0,0,"Big Max",9,196.52034139967,"Medium"
"2021-P","252",1325.84968789184,"Dorner, Martin","Pruggern","Styria","Austria","Austrian Weigh-off","1819 Mendi 19",NA,381.802424788245,1217.90002840913,4.92813225709758,"Spirit",9,601.395302194619,"Heavy"
"2021-P","924",513.32732679082,"Joebstl, Horst",NA,"Lower Austria","Austria","Austrian Weigh-off","1752 Willemijns",NA,296.568911878536,598.42391243507,0,"Cinderella",9,232.841358744813,"Medium"
"2016-P","1467",215.244710139319,"Nishiyama, Hiroshi","Izumo","Other","Japan","Nippon Ichi Dodekabocha Taikai",NA,NA,0,0,NA,"Casper",9,97.6333582020567,"Light"
"2013-P","545",818.35381398444,"Stefano, Tosi","Piancamuno","Other","Italy","Campionato dello Zuccone","899 Cutrupi","Open",348.775290573688,849.554427048652,0,"Dill's Atlantic",9,371.199045983742,"Heavy"
"2017-P","820",718.151510047763,"Rodler, Bernd","Ernstbrunn","Lower Austria","Austria","Austrian Weigh-off",NA,NA,327.815083698001,748.847304377147,0,"Spirit",9,325.748045461644,"Medium"
"2020-P","1111",312.015818951236,"Team Petrelli","Foiano della Chiana","Tuscany","Italy","Pesa la Zucca! Foiano",NA,NA,249.544507079742,315.338439570858,0,"Rouge Vif d’Etampes",9,141.527994795582,"Light"
"2018-P","1099",593.652158987085,"Dorner, Martin","Waidhofen/Thaya","Lower Austria","Austria","Austrian Weigh-off","1720 THW 17",NA,NA,0,0,"Prizewinner",9,269.276089750569,"Medium"
"2017-P","554",1055.90268069052,"Lacina, Martin","Sebersdorf","Lower Austria","Austria","Europameisterschaft im Kurbiswiegen","2095 Willejmins","1726 Cutrupi",388.313802913459,1076.38860246433,0,"Big Moose",9,478.949399423766,"Heavy"
"2021-P","1026",341.762197022171,"Markl, Michael","Wien","Vienna","Austria","Leiserberge Weigh-off","1584 Melka","open",259.170044012582,439.263457016879,0,"Howden",9,155.020724923694,"Light"
"2021-P","713",712.153402812032,"Barreca, Alessandro","Spinoso","Basilicata","Italy","Campionato dello Zuccone","1131 Chiti","Self",304.391108575753,622.091079450018,9.67265732808379,"Spirit",9,323.027349785074,"Medium"
"2015-P","1790",23.7433360277966,"Misono, Takashi","Shozu","Other","Japan","Nippon Ichi Dodekabocha Taikai",NA,NA,0,0,0,"Early Giant",9,10.7697960605546,"Light"
"2014-P","1347",380.575234308495,"Team, Bauhof Tulln",NA,"Other","Austria","Austrian Weigh-off",NA,NA,0,0,0,"Early Giant",9,172.626022493295,"Light"
"2017-P","1260",342.474693000858,"Mitra, Marco","Castelfiorentino","Tuscany","Italy","Campionato dello Zuccone",NA,NA,257.339086596154,397.528377568438,0,"Big Max",9,155.343907663282,"Light"
"2016-P","1139",505.131924700015,"Makita, Osamu","Kuwana, Mie","Other","Japan","Nippon Ichi Dodekabocha Taikai",NA,NA,0,0,0,"Cinderella",9,229.123986887341,"Medium"
"2018-P","654",985.400829136944,"Takahashi, Sakutaro","Shozu, Kagawa","Other","Japan","Nippon Ichi Dodekabocha Taikai",NA,NA,0,0,0,"Connecticut Field",9,446.970297488192,"Heavy"
"2017-P","514",1052.05276894844,"Fumi, Lorenzo","Foiano della Chiana","Tuscany","Italy","Campionato dello Zuccone","1333 Garofano","Open",348.286591343025,NA,1.0214667034058,"Big Moose",9,477.203108832385,"Heavy"
"2016-P","945",737.608911795798,"Aininger, Gerald","Leitzersdorf","Lower Austria","Austria","Austrian Weigh-off","1790 Wallace","self",330.890802904126,789.89377455872,0,"Dill's Atlantic",9,334.573774434577,"Medium"
"2018-P","1247",409.452482965993,"Schieder, Christoph","Pruggern","Styria","Austria","Austrian Weigh-off","1072 Klein 15",NA,0,0,0,"Wolf",9,185.72452215093,"Medium"
"2015-P","443",1179.02348138608,"Guttmann, Johann",NA,"Other","Austria","Austrian Weigh-off","Ligget",NA,398.434476596925,1232.41133507397,0,"Big Max",9,534.796055207564,"Heavy"
"2020-P","752",637.222814474528,"Komatu, Masatosi","Shozu, Kagawa","Other","Japan","Nippon Ichi Dodekabocha Taikai",NA,NA,0,NA,0,"Champion",9,289.039406635572,"Medium"
"2015-P","1703",129.703829971459,"Jaglarz, Mario","Ulrichsberg","Other","Austria","Austrian Weigh-off",NA,NA,0,0,0,"Champion",9,58.8326676348313,"Light"
"2014-P","829",683.536128942512,"Kinoshita, Akiko",NA,"Other","Japan","Nippon Ichi Dodekabocha Taikai",NA,NA,0,0,0,"Howden",9,310.04677270766,"Medium"
"2017-P","841",651.444416791064,"Mizutani, Syouiti","Shozu","Other","Japan","Nippon Ichi Dodekabocha Taikai",NA,NA,0,0,0,"Blue Hubbard",9,295.490216935526,"Medium"
"2015-P","1429",367.409946402579,"Balloni-Rabazzi,","Cavriglia","Other","Italy","Campionato dello Zuccone","1726 Cutrupi","Open",254.54832262647,401.661850676964,0,"Rouge Vif d’Etampes",9,166.654348350319,"Light"
"2013-P","1328",237.711551704366,"giovanni, tinteri","Peccioli","Other","Italy","Festa della zucca di sale",NA,NA,221.183731500241,228.459835106656,NA,"Howden",9,107.824146113961,"Light"
"2014-P","259",1294.582048552,"Topini, Giuseppe","Arezzo","Other","Italy","Campionato dello Zuccone","1382 Cutrupi","600 Lizzi",378.0979678268,1242.69613410922,8.69029286553584,"Howden",9,587.212539562157,"Heavy"
"2019-P","1010",544.664037973158,"Lizzi, Denis","Terricciola","Tuscany","Italy","Campionato dello Zuccone","1641 Team Petrelli","Self",265.269947256578,485.352169686015,3.80870491077827,"Early Giant",9,247.055451838015,"Medium"
"2013-P","1495",94.7600466565128,"Asta, Carmelo",NA,"Other","Italy","Pesa la Zucca! Foiano",NA,NA,163.064149742556,109.737307615724,0,"Jack O'Lantern",9,42.9824341442382,"Light"
"2018-P","926",681.195293237316,"Davide, Moretti","Pontedera","Tuscany","Italy","Pesa la Zucca! Foiano",NA,NA,NA,744.991239182977,0,"Wolf",9,308.984987492359,"Medium"
"2014-P","489",1051.49315645818,"Schoffnegger, Armin",NA,"Other","Austria","Austrian Weigh-off","1678 Delaney",NA,359.700206274947,1148.66915708025,0,"Blue Hubbard",9,476.949272876645,"Heavy"
"2014-P","1052",616.851253232158,"Itou, Masayuki","Hokuto","Other","Japan","Nippon Ichi Dodekabocha Taikai",NA,NA,0,0,0,"Connecticut Field",9,279.799021891045,"Medium"
"2020-P","968",469.623774535534,"Boschi, Valerio","Castelfiorentino","Tuscany","Italy","Pesa la Zucca! Foiano",NA,NA,276.831246611808,NA,1.98196304331144,"Rouge Vif d’Etampes",9,213.017760899919,"Medium"
"2020-P","1229",201.052457320476,"Arrigucci, Gabriele","Calcio","Lombardy","Italy","Sfida Nazionale della Zucca - Club Maspiano","1137 Salvagni 2019","Open",0,0,0,"Connecticut Field",9,91.1958606103186,"Light"
"2013-P","EXH",697.704808361347,"Tulln, Team Bauhof","St. Oswald","Styria","Austria","Austrian Weigh-off","934 Schieder 11","sibb",0,0,0,"Dill's Atlantic",9,316.473577585019,"Medium"
"2019-P","465",1094.1892191799,"Alice, Mora","Cremnago di Inverigo","Lombardy","Italy","Sfida Nazionale della Zucca - Club Maspiano","Cutrupi 2166","Self",345.76556367013,1062.72992554069,4.09914460344727,"Blue Hubbard",9,496.315881156263,"Heavy"
"2017-P","1580",39.167712285172,"Mizutani, Syouiti","Kisomisaki","Other","Japan","Nippon Ichi Dodekabocha Taikai",NA,NA,0,0,0,"Rouge Vif d’Etampes",9,17.7661754429093,"Light"
"2018-P","1328",380.225475756921,"Filippi, Giada","Quarrata","Tuscany","Italy","Pesa la Zucca! Foiano",NA,NA,NA,418.059007713811,0,"Autumn Gold",9,172.46737468296,"Light"
"2019-P","1704",42.3067235786123,"Mizutani, Syouiti","Kuwana","Other","Japan","Nippon Ichi Dodekabocha Taikai",NA,NA,0,0,0,"Dill's Atlantic",9,19.1900070149576,"Light"
"2013-P","EXH",496.848249612345,"Eder, Reinhard","Tulln","Lower Austria","Austria","Austrian Weigh-off",NA,NA,0,0,0,"Dill's Atlantic",9,225.366575072015,"Medium"
"2020-P","574",944.382028268938,"Mochizuki, Yasutoshi","Yatomi, Aichi","Other","Japan","Nippon Ichi Dodekabocha Taikai",NA,NA,0,0,0,"Big Moose",9,428.364482387914,"Heavy"
"2018-P","542",1048.72156773941,"Puchner, Thomas","Riederberg","Vienna","Austria","Tharinger Meisterschaft","2095 Willemijns","2145 MC Mullen",375.396285212185,1278.25151179843,0,"Early Giant",9,475.692101381036,"Heavy"
"2018-P","487",1067.29093986519,"Ardenti, Mario","Lesmo","Lombardy","Italy","Festa della zucca di sale","2145macmullen","1642.5 sperry",391.216104077413,1164.97399234095,0,"Big Moose",9,484.115026892981,"Heavy"
"2021-P","487",996.84027012165,"Mathias, Franz",NA,"Lower Austria","Austria","Europameisterschaft im Kurbiswiegen","1911 Urena 2017","2226.7 Boonen 2018",343.851513980387,1004.4199037969,2.00027599753367,"Early Giant",9,452.15914063592,"Heavy"
"2016-P","DMG",429.662065539548,"Mazzucchelli, Mario","Collevecchio","Lazio","Italy","Campionato dello Zuccone",NA,NA,263.993330510893,377.889902450833,5.83173798480748,"Spirit",9,194.891434607179,"Medium"
"2015-P","640",914.754611589996,"Mosti, Rossano","Marone","Other","Italy","Festa della zucca di sale",NA,NA,343.628939736091,993.43313254315,0,"Wolf",9,414.925712239536,"Heavy"
"2020-P","888",534.112329351087,"Furukawa, Yasunori","Kanonji","Other","Japan","Nippon Ichi Dodekabocha Taikai",NA,NA,0,0,0,"Rouge Vif d’Etampes",9,242.26927731658,"Medium"
"2016-P","371",1189.3961603067,"Sartini, Gabriele","Capua","Campania","Italy","Campionato dello Zuccone","1861 Cutrupi","1985 Miller",398.127349906309,1096.36665868295,7.26791417993506,"Big Moose",9,539.501023222417,"Heavy"
"2014-P","995",557.911515208029,"Joebstl, Horst","Gols","Burgenland","Austria","Austrian Weigh-off",NA,NA,294.808468457824,500.800272525299,5.0269838322381,"Cinderella",9,253.064406433501,"Medium"
"2019-P","694",757.256408904516,"Schoeffnegger, Armin","Baerndorf","Lower Austria","Austria","Austrian Weigh-off","2020.5 Weishaeupl","1211 Ailts",321.234746273755,765.75622565745,NA,"Casper",9,343.485729212689,"Medium"
"2013-P","EXH",593.565512528673,"Jaglarz, Mario",NA,"Other","Austria","Austrian Weigh-off","Ghaye",NA,297.807925647131,685.04028256014,0,"Autumn Gold",9,269.236787578146,"Medium"
"2016-P","DMG",1329.25813159976,"Ardenti, Mario","Rosignano","Tuscany","Italy","Pesa la Zucca! Foiano",NA,NA,395.742261583332,1433.57002652702,0,"Atlantic Giant",9,602.941346254108,"Heavy"
"2014-P","584",916.264781708348,"Gervasoni, Andrea","Arezzo","Other","Italy","Festa della zucca di sale","1625 gantner","self",317.123328377317,817.648081993377,20.7276170144747,"Rouge Vif d’Etampes",9,415.610713882622,"Heavy"
"2016-P","689",984.520138067214,"Giustarini, Vinicio","Marone","Lombardy","Italy","Festa della zucca di sale","2145 mcmullen","2230 wallace",350.233812710441,866.798993685812,6.83757276589218,"Wolf",9,446.570822738635,"Heavy"
"2013-P","788",626.058123076235,"Ito, Yoshihiro","Ayagawa","Other","Japan","Nippon Ichi Dodekabocha Taikai",NA,NA,0,0,0,"Cinderella",9,283.975187803901,"Medium"
"2018-P","487",1047.1729104502,"Battista, Gregori","Garlate","Lombardy","Italy","Festa della zucca di sale","2145macmullen","1642.5 sperry",385.965418455766,1131.41132819446,0,"Connecticut Field",9,474.989642250903,"Heavy"
"2018-P","542",1020.60178108501,"Aininger, Gerald","Wien","Vienna","Austria","Tharinger Meisterschaft","2095 Willemijns","2145 MC Mullen",376.720797269571,NA,0,"Atlantic Giant",9,462.937180708572,"Heavy"
"2020-P","378",1183.08130634019,"Sant'Antonio, Istituto","Rimini","Emilia-Romagna","Italy","Campionato dello Zuccone","2226 Boonen","Self",369.389429280364,NA,2.06071302737779,"Big Moose",9,536.636653645543,"Heavy"
"2019-P","1622",103.204588427068,"Miyamoto, Yoji","Marugame","Other","Japan","Nippon Ichi Dodekabocha Taikai",NA,NA,0,0,0,"Prizewinner",9,46.8128138595082,"Light"
"2018-P","542",1038.54862295195,"Grabmayer, Manfred","Wien","Vienna","Austria","Tharinger Meisterschaft","2095 Willemijns","2145 MC Mullen",373.851937241339,1203.44565333776,NA,"Champion",9,471.077731245012,"Heavy"
"2018-P","1395",318.540722116653,"Mathias, Franz",NA,"Styria","Austria","Austrian Weigh-off","1032 Klein",NA,0,0,0,"Rouge Vif d’Etampes",9,144.487641086404,"Light"
"2015-P","1380",405.57969887929,"Nibu, Noriyuki","Nagano","Other","Japan","Nippon Ichi Dodekabocha Taikai",NA,NA,0,NA,0,"Spirit",9,183.967856838543,"Medium"
"2016-P","375",1234.26549392725,"Cutrupi, Stefano","Campagnola Emilia","Other","Italy","Festa della zucca di sale","1872.8 willemisns'is","1982 miller",408.654785006478,1177.63602923378,0,"Spirit",9,559.853410599683,"Heavy"
"2016-P","1601",101.172063680121,"Fellner, Herbert","Tulln","Lower Austria","Austria","Austrian Weigh-off",NA,NA,0,0,0,"Atlantic Giant",9,45.890876142457,"Light"
"2014-P","972",606.435967534596,"Aijima, Tadayuki","Kisomisaki","Other","Japan","Nippon Ichi Dodekabocha Taikai",NA,NA,0,0,0,"Atlantic Giant",9,275.07472776726,"Medium"
"2014-P","EXH",83.8482811791345,"Friedl, Team","St. Oswald","Other","Austria","Austrian Weigh-off",NA,NA,0,0,0,"Wolf",9,38.03294058047,"Light"
"2015-P","616",957.118903060436,"Cassella, Salvatore","Rimini","Emilia-Romagna","Italy","Campionato dello Zuccone",NA,"1832 Midthun",338.261779040133,1075.03993984479,0,"Big Moose",9,434.141831610984,"Heavy"
"2016-P","756",846.585762226396,"Melka, Friedrich","Riederberg","Vienna","Austria","Austrian Weigh-off","1866 Cutrupi","self",336.761577142233,843.676471297093,0,"Prizewinner",9,384.004842296528,"Heavy"
"2018-P","EXH",923.675985185388,"Riegebauer, Thomas","Bad Voeslau","Lower Austria","Austria","Austrian Weigh-off","1784 Stelts",NA,0,0,0,"Big Moose",9,418.972379232325,"Heavy"
"2018-P","859",746.519076906222,"Kreuzspiegl, Thomas","Haag am Hausruck","Upper Austria","Austria","Austrian Weigh-off","793.6 Melka","695 Kaar 17",0,0,NA,"Champion",9,338.615357344105,"Medium"
"2019-P","1567",137.235979833821,"Augusto, Salvagni","Rimini","Emilia-Romagna","Italy","Campionato dello Zuccone","165 Wild","Open",0,0,0,"Early Giant",9,62.2491933420949,"Light"
"2014-P","1231",446.043082887706,"Turla, Antonio","Lumezzane","Other","Italy","Pesa la Zucca! Foiano",NA,NA,277.828329155455,479.24715528073,0,"Connecticut Field",9,202.321739089141,"Medium"
"2014-P","1085",587.58090138869,"Liberatori, Lido","Arezzo","Other","Italy","Pesa la Zucca! Foiano",NA,NA,319.325281039281,574.364402014742,0,"Champion",9,266.522213627632,"Medium"
"2014-P","1042",596.710989215397,"Okuda, Takefumi","Shimoniikawa","Other","Japan","Nippon Ichi Dodekabocha Taikai",NA,NA,0,0,0,"Wolf",9,270.663551803257,"Medium"
"2013-P","58",1455.87951455154,"Schodl, Zwillinge","Tulln","Lower Austria","Austria","Austrian Weigh-off","1382 Bryson",NA,391.381554855644,1325.65406689243,1.9890352590145,"Prizewinner",9,660.375839439883,"Heavy"
"2016-P","1623",72.0904051685808,"Lacina, Martin","Achau","Lower Austria","Austria","Austrian Weigh-off",NA,NA,0,0,0,"Cinderella",9,32.6996577346768,"Light"
"2017-P","1574",52.397386631334,"Uematsu, Nobuyuki","Kagawa","Other","Japan","Nippon Ichi Dodekabocha Taikai",NA,NA,0,0,0,"Spirit",9,23.7670547839131,"Light"
"2018-P","859",763.558488566756,"Gervasoni, Andrea","Lamporecchio","Tuscany","Italy","Campionato dello Zuccone","1761.5 Cutrupi","Self",NA,730.159048185898,6.12095477707857,"Autumn Gold",9,346.344304462613,"Medium"
"2014-P","1715",64.6351092573139,"Matteo, Tosoni","Marone","Other","Italy","Pesa la Zucca! Foiano",NA,NA,132.889094557134,77.4785084741996,0,"Spirit",9,29.317992393234,"Light"
"2020-P","1325",88.9868788527911,"Rosati, Loris",NA,"Lombardy","Italy","Sfida Nazionale della Zucca - Club Maspiano","Mix",NA,158.310197636907,93.1683179792409,0,"Blue Hubbard",9,40.3637692777404,"Light"
"2020-P","EXH",459.707168666391,"Team, Die Garten Tulln","Nonndorf","Lower Austria","Austria","Europameisterschaft im Kurbiswiegen","1594 Melka","1594 Melka",259.489446820721,NA,NA,"Big Moose",9,208.519664141378,"Medium"
"2015-P","1454",350.342280436775,"Unger, Hermann","St. Michael","Other","Austria","Austrian Weigh-off","716 Team Biggis 12",NA,0,0,0,"Blue Hubbard",9,158.912585294522,"Light"
"2018-P","450",1064.58991232766,"Daniel, Wonovsky","Riederberg","Vienna","Austria","Slovenian Weigh-off",NA,"2269 Paton",405.03421538016,1296.62365169228,NA,"Wolf",9,482.889861410797,"Heavy"
"2016-P","1448",247.192555240512,"Rosi, Silvano","Castiglion Fiorentino","Tuscany","Italy","Pesa la Zucca! Foiano",NA,NA,236.419834293174,267.872119880548,0,"Prizewinner",9,112.1246569779,"Light"
"2018-P","926",702.241207926606,"Zucchelli, Michael","Radda in Chianti","Tuscany","Italy","Pesa la Zucca! Foiano",NA,NA,337.498020907405,786.150829746407,0,"Wolf",9,318.531253815092,"Medium"
"2013-P","545",778.560178036817,"Romoli, Siria","Arezzo","Other","Italy","Campionato dello Zuccone","899 Cutrupi","Open",345.911650984946,889.288865491261,0,"Atlantic Giant",9,353.148956343342,"Medium"
"2018-P","642",915.45256811175,"Unger, Michael","Leitzersdorf","Lower Austria","Austria","Austrian Weigh-off","2090.5 Stelts",NA,354.30073992253,1063.76815921379,0,"Dill's Atlantic",9,415.242299992395,"Heavy"
"2020-P","1073",389.545811977431,"Gartenschau, DIE GARTEN TULLN","Bad Voeslau","Lower Austria","Austria","Austrian Weigh-off",NA,NA,250.541225914176,383.564018915135,1.0074998362769,"Big Moose",9,176.695008078418,"Light"
"2019-P","EXH",540.140929400156,"Rodler, Bernd","Langenlois","Lower Austria","Austria","Austrian Weigh-off","1944 Conolly",NA,309.849609986519,618.742919351899,0,"Dill's Atlantic",9,245.003804300619,"Medium"
"2016-P","1570",124.547567077082,"Takahashi, Masahiro","Shodoshima","Other","Japan","Nippon Ichi Dodekabocha Taikai",NA,NA,0,0,0,"Dill's Atlantic",9,56.4938261282274,"Light"
"2016-P","160",1407.83836202271,"Castelli, Carlo","Novellara","Emilia-Romagna","Italy","Festa della zucca di sale","986,6 bartoli",NA,393.611030110771,1332.4221265308,7.94315930070175,"Autumn Gold",9,638.584739206798,"Heavy"
"2019-P","1324",289.466664121753,"Petrelli, Francesco","Pontedera","Tuscany","Italy","Campionato dello Zuccone","1114 Garofano","Self",224.637511076987,289.819704708637,1.98479125594005,"Jack O'Lantern",9,131.29987021498,"Light"
"2019-P","660",842.034044101517,"Hannan, Kagawa Agricultural cooperative","Shizuoka","Other","Japan","Nippon Ichi Dodekabocha Taikai",NA,NA,0,0,0,"Prizewinner",9,381.940217684692,"Heavy"
"2020-P","213",1413.27674361273,"Lacina, Martin",NA,"Lower Austria","Austria","Retzer Land Weigh-off","1527 Melka","1594 Melka",416.238266424969,1392.08937686611,0,"Champion",9,641.051547601183,"Heavy"
"2018-P","757",876.181838027313,"Team, Eichinger",NA,"Lower Austria","Austria","Austrian Weigh-off","JZB 17",NA,346.032363405767,920.045460898479,0,"Wolf",9,397.429396461765,"Heavy"
"2019-P","1287",318.787706669609,"Riegebauer, Thomas","Berndorf","Lower Austria","Austria","Gartenbauschule Langenlois","1080.9 Melka",NA,248.135057410752,331.637189596849,0,"Casper",9,144.599671395133,"Light"
"2017-P","554",867.961202065775,"Langenlois, Gartenbauschule","Waidhofen/Thaya","Lower Austria","Austria","Europameisterschaft im Kurbiswiegen","2095 Willejmins","1726 Cutrupi",335.353545323952,908.122051457948,0,"Connecticut Field",9,393.700578713064,"Heavy"
"2013-P","1193",309.625994686661,"Moretti, Sergio","Foiano della Chiana","Other","Italy","Campionato dello Zuccone","899 Cutrupi","Open",0,0,NA,"Big Max",9,140.44398874353,"Light"
"2017-P","1016",559.725755367844,"Cristian, Danesi","goito","Lombardy","Italy","Sfida degli Zucconi della Brianza","502 Turmolli","Self",283.880398009035,574.959351141098,0,"Jack O'Lantern",9,253.887331927341,"Medium"
"2015-P","1754",83.614817776477,"Kawasaki, Masanobu","Fukuoka","Other","Japan","Nippon Ichi Dodekabocha Taikai",NA,NA,0,0,NA,"Wolf",9,37.9270433623503,"Light"
"2015-P","1477",288.002413426148,"Cristian, Danesi",NA,"Other","Italy","Campionato dello Zuccone","1254 Bartoli",NA,228.690059775743,318.777113123145,0,"Big Max",9,130.635697271686,"Light"
"2018-P","1736",42.6893696046963,"Fujioka, Tadashi","Shozu, Kagawa","Other","Japan","Nippon Ichi Dodekabocha Taikai",NA,NA,0,0,0,"Jack O'Lantern",9,19.3635723328002,"Light"
"2015-P","616",1010.42851372404,"Alice, Mora","Novellara","Emilia-Romagna","Italy","Campionato dello Zuccone","1254 Bartoli","1832 Midthun",356.156529402161,1090.38961647261,0,"Big Moose",9,458.322664255664,"Heavy"
"2015-P","468",1049.97290980302,"Angelo e Giovanni, Az. Agr.",NA,"Lombardy","Italy","Festa della zucca di sale",NA,NA,360.549484490052,1001.65392103612,NA,"Howden",9,476.25970059335,"Heavy"
"2014-P","EXH",570.158150896769,"Schagl, Wolfgang","Langenlois","Lower Austria","Austria","Austrian Weigh-off",NA,NA,292.628892965758,708.923072798581,NA,"Jack O'Lantern",9,258.619386940083,"Medium"
"2018-P","1514",216.474033843563,"Ueno, Koji","Ayagawa","Other","Japan","Nippon Ichi Dodekabocha Taikai",NA,NA,NA,0,0,"Big Moose",9,98.1909700545622,"Light"
"2017-P","1579",38.9039265029976,"Kuroda, Takahito","Shozu, Kagawa","Other","Japan","Nippon Ichi Dodekabocha Taikai",NA,NA,0,0,0,"Rouge Vif d’Etampes",9,17.6465242248005,"Light"
"2013-P","EXH",843.18162054054,"Guttmann, Johann",NA,"Lower Austria","Austria","Austrian Weigh-off",NA,"934 Schieder 11",331.970440776496,734.026674845816,11.9451562100593,"Wolf",9,382.460749601424,"Heavy"
"2020-P","1023",407.964532474169,"Jaglarz, Mario","Leitzersdorf","Lower Austria","Austria","Austrian Weigh-off","Wallace",NA,252.487832585828,373.498225042717,9.1060182824611,"Blue Hubbard",9,185.0495991609,"Medium"
"2013-P","1155",323.901964899002,"Micheli, Paolo","Chivasso","Other","Italy","Campionato dello Zuccone","1278 Bartoli","Open",NA,0,0,"Blue Hubbard",9,146.919459906195,"Light"
"2021-P","402",1074.82892993891,"Schoeffneger, Armin","Pamhagen","Burgenland","Austria","Austrian Weigh-off","1230 Schieder 20",NA,NA,1256.16538565548,0,"Blue Hubbard",9,487.534201675554,"Heavy"
"2013-P","1483",99.567861611972,"Roghi, Alberto",NA,"Other","Italy","Pesa la Zucca! Foiano",NA,NA,156.172366034728,103.866815383316,0,"Cinderella",9,45.1632223244064,"Light"
"2021-P","389",1090.48513019607,"Team 721","Poggiridenti","Lombardy","Italy","Sfida Nazionale della Zucca - Club Maspiano","1025 MUSCAS","2183 MENDI",371.948689836923,1041.88945594181,0,"Cinderella",9,494.635734655394,"Heavy"
"2019-P","1702",42.0392824659203,"Ueno, Takeshi","Shirako","Other","Japan","Nippon Ichi Dodekabocha Taikai",NA,NA,0,0,0,"Wolf",9,19.0686977668162,"Light"
"2017-P","1556",80.0588790780387,"KuboYoshitaka, Higashiuedakokuseisyonenkenzenikuseirenrakukyogik","Saiyo","Other","Japan","Nippon Ichi Dodekabocha Taikai",NA,NA,0,0,0,"Rouge Vif d’Etampes",9,36.314096700551,"Light"
"2016-P","1156",555.672790888517,"Segoni, Eligio","Bagnolo Mella","Lombardy","Italy","Pesa la Zucca! Foiano",NA,NA,285.626050520924,512.354359240692,5.92754012289353,"Rouge Vif d’Etampes",9,252.048938163637,"Medium"
"2018-P","569",917.923072598434,"Galien, Simone","Farigliano","Piedmont","Italy","Sfida degli Zucconi della Brianza","1761,5 Cutrupi",NA,347.449107023747,1000.74473258929,0,"Prizewinner",9,416.362901977606,"Heavy"
"2016-P","1424",268.064248208497,"Matteo, Tosoni","Pietraia di Cortona","Tuscany","Italy","Pesa la Zucca! Foiano",NA,NA,191.477624293114,168.315930570284,NA,"Rouge Vif d’Etampes",9,121.59189765716,"Light"
"2019-P","1554",152.220021955147,"Dorner, Martin","St. Margarethen","Carinthia","Austria","Austrian Weigh-off","1524,8 Melka","self",187.503925106046,157.442870920316,0,"Blue Hubbard",9,69.0458405200873,"Light"
"2014-P","1274",420.710403754349,"Bertone, Cinzia","Siena","Other","Italy","Campionato dello Zuccone","952 Bartoli","Open",259.805496773366,388.375727855881,2.95086268212165,"Champion",9,190.831029122592,"Medium"
"2018-P","429",1189.52518991656,"Team, Die Garten Tulln","Pruggern","Styria","Austria","Austrian Weigh-off","1527.8 Melka 17","open",349.825898848341,982.260314655638,21.3298336828195,"Blue Hubbard",9,539.559550068951,"Heavy"
"2021-P","1014",352.625339531781,"Nittnaus, Wolfgang","Gross Gerungs","Lower Austria","Austria","Austrian Weigh-off","888.5 Markl",NA,252.562303214012,409.123370502442,0,"Blue Hubbard",9,159.948163480275,"Light"
"2014-P","1255",423.365653256917,"Benedikt, Gottfried","Waidhofen an der Thaya","Lower Austria","Austria","Austrian Weigh-off",NA,NA,0,0,0,"Wolf",9,192.035430037403,"Medium"
"2018-P","1206",457.343111499882,"Martin, Lacina","TUlln","Lower Austria","Austria","Austrian Weigh-off","2269 Paton","1784 Stels",271.131532648356,477.977952602192,0,"Cinderella",9,207.447345848406,"Medium"
"2015-P","1721",121.387599367394,"Gregori, Stefano","Arezzo","Other","Italy","Festa della zucca di sale",NA,NA,0,0,0,"Prizewinner",9,55.060488885667,"Light"
"2021-P","252",1285.16954612919,"Schoeffneger, Armin","Pruggern","Styria","Austria","Austrian Weigh-off","1819 Mendi 19",NA,396.155403383531,1086.15938144123,5.04657087342714,"Big Max",9,582.943100280565,"Heavy"
"2017-P","814",671.774308361836,"Edinger, Christian","Tulln","Lower Austria","Austria","Austrian Weigh-off","1714 Lueders","sibb",306.08987679079,NA,0,"Howden",9,304.711700634956,"Medium"
"2016-P","307",1341.23135588103,"Kreuzspiegl, Thomas","Berndorf","Lower Austria","Austria","Europameisterschaft im Kurbiswiegen","1585.5 Werner","1338 Martin",412.510034378811,1554.95335102932,NA,"Autumn Gold",9,608.372309432391,"Heavy"
"2014-P","829",727.541223868198,"Watanabe, Osamu","Shozu, Kagawa","Other","Japan","Nippon Ichi Dodekabocha Taikai",NA,NA,0,0,0,"Blue Hubbard",9,330.007148007076,"Medium"
"2013-P","145",1307.7647871898,"Gartenbauschule Langenlois, Team Schaugarten","Riederberg","Lower Austria","Austria","Austrian Weigh-off","934 Schieder 11","1140 Finders 11",378.192655032853,1204.42522558278,9.6650309644244,"Spirit",9,593.192129223966,"Heavy"
"2016-P","832",777.06444305396,"Woeber, Franz","Tulln","Lower Austria","Austria","Austrian Weigh-off","1159 Puchner",NA,322.07546752323,790.867493905084,0,"Big Moose",9,352.470502367576,"Medium"
"2016-P","1541",138.768945619566,"Puchner, Thomas",NA,"Lower Austria","Austria","Austrian Weigh-off",NA,NA,0,NA,0,"Jack O'Lantern",9,62.9445349259799,"Light"
"2015-P","1721",111.513776376382,"Valentini, Maurizio",NA,"Other","Italy","Festa della zucca di sale",NA,NA,0,0,0,"Jack O'Lantern",9,50.5817981142133,"Light"
"2021-P","EXH",752.847609691101,"Petrelli, Francesco","Pontoglio","Lombardy","Italy","Sfida degli Zucconi della Brianza","1143 Hoecke '16","Self",310.724152692021,714.838527539381,6.92658948252778,"Spirit",9,341.485931528621,"Medium"
"2017-P","165",1559.96571157867,"Giustarini, Vinicio","Sale Marasino","Lombardy","Italy","Campionato dello Zuccone","1521 Cutrupi","2145 McMullen",410.70311546447,1423.95178682526,6.00846247395592,"Casper",9,707.588544233706,"Heavy"
"2015-P","1429",383.743738902419,"Galieni, Simone","Arezzo","Other","Italy","Campionato dello Zuccone","1726 Cutrupi","Open",267.898304616049,422.16131441382,0,"Jack O'Lantern",9,174.06323200141,"Light"
"2020-P","619",758.317342452851,"Barreca, Alessandro","Terricciola","Tuscany","Italy","Pesa la Zucca! Foiano",NA,NA,NA,704.188532390335,7.07698605773695,"Autumn Gold",9,343.96696057529,"Medium"
"2016-P","1123",599.764076562298,"Melka, Friedrich","Gols","Burgenland","Austria","Austrian Weigh-off","Wallace",NA,311.175649408999,645.078881067634,0,"Big Moose",9,272.048408928754,"Medium"
"2017-P","1441",196.601320841214,"Team, Eichinger","Riederberg","Lower Austria","Austria","Austrian Weigh-off","1714 Lueders 15",NA,0,0,0,"Wolf",9,89.1768590654965,"Light"
"2021-P","EXH",693.58915002981,"MarroniDaiana, CecconataRoberto","Sale Marasino","Lombardy","Italy","Sfida degli Zucconi della Brianza","1143 Hoecke '16","Self",NA,658.285813020401,7.14966583579483,"Casper",9,314.606746368307,"Medium"
"2016-P","1068",534.388696451086,"Petrelli, Francesco","Foiano","Tuscany","Italy","Campionato dello Zuccone",NA,"1521.2 Cutrupi",290.868326118968,577.539172561526,NA,"Casper",9,242.394635324459,"Medium"
"2018-P","1751",20.6653537662118,"Hanai, Tamekazu","Kuwana","Other","Japan","Nippon Ichi Dodekabocha Taikai",NA,NA,0,0,0,"Wolf",9,9.37364679170445,"Light"
"2016-P","1022",637.073691559578,"Topini, Giuseppe","Monteisola","Lombardy","Italy","Festa della zucca di sale",NA,NA,300.517092113547,NA,3.9304470182182,"Blue Hubbard",9,288.971765619158,"Medium"
"2021-P","1333",77.1632543988041,"Ivan, Bartoli",NA,"Lombardy","Italy","Sfida Nazionale della Zucca - Club Maspiano","x","x",0,0,0,"Champion",9,35.0006634396665,"Light"
"2017-P","1088",519.49130940738,"Uematu, Kikuo","Shodoshima","Other","Japan","Nippon Ichi Dodekabocha Taikai",NA,NA,0,0,0,"Autumn Gold",9,235.637294228497,"Medium"
"2018-P","129",1547.26156312197,"Legena, Ivano",NA,"Other","Italy","Festa della zucca di sale","2043.5 clements","sibb",412.206569964023,NA,6.97307248377131,"Spirit",9,701.8260394264,"Heavy"
"2015-P","1229",565.710687741453,"Piazza, moreno",NA,"Other","Italy","Pesa la Zucca! Foiano",NA,NA,301.949128437643,521.507639342364,0,"Big Max",9,256.602051586976,"Medium"
"2017-P","1546",81.8828801516656,"Sozu, Hisao","Shozu, Kagawa","Other","Japan","Nippon Ichi Dodekabocha Taikai",NA,NA,0,0,0,"Casper",9,37.14144967042,"Light"
"2013-P","603",773.236142536271,"Klein, Hubert","St. Michael","Carinthia","Austria","Austrian Weigh-off",NA,NA,310.763518589123,NA,0,"Atlantic Giant",9,350.734014462685,"Medium"
"2017-P","1260",325.849746137697,"Squitieri, Danilo","Castelfiorentino","Tuscany","Italy","Campionato dello Zuccone",NA,NA,242.043794554956,356.366015308081,0,"Autumn Gold",9,147.802958614496,"Light"
"2020-P","1073",401.274631822106,"Fellner, Herbert","Bad Voeslau","Lower Austria","Austria","Austrian Weigh-off",NA,NA,256.212769554828,378.711150754895,1.02565308356981,"Wolf",9,182.015111269066,"Medium"
"2017-P","1029",551.885716570925,"Tosoni, Matteo","Siena","Other","Italy","Festa della zucca di sale","Cutrupi 2015 (2096 Meier x 2102)","unknow",288.417208623659,602.564890777289,0,"Cinderella",9,250.331150148554,"Medium"
"2014-P","1591",167.122997586878,"Zecchini, Fernando","Arezzo","Other","Italy","Campionato dello Zuccone","952 Bartoli","Open",188.178331010576,198.231524463062,0,"Prizewinner",9,75.8057165569364,"Light"
"2015-P","995",662.88620525131,"Cutrupi, Stefano",NA,"Other","Italy","Campionato dello Zuccone","1488 Cutrupi est-dmg","Open",299.959107435795,593.377964630678,7.51379610684887,"Big Moose",9,300.680124880248,"Medium"
"2019-P","1308",289.734015123053,"Yochien, Tonosho","Hokuto","Other","Japan","Nippon Ichi Dodekabocha Taikai",NA,NA,0,0,0,"Atlantic Giant",9,131.421138589281,"Light"
"2017-P","1577",53.1074569364552,"Shimonishi, Nobuhiro","Shozu","Other","Japan","Nippon Ichi Dodekabocha Taikai",NA,NA,0,0,0,"Big Max",9,24.0891372564797,"Light"
"2020-P","763",698.124404041421,"Team, Bauhof Tulln","Leitzersdorf","Lower Austria","Austria","Austrian Weigh-off","793.7 Dorner 19",NA,326.502350911273,807.380165413669,0,"Autumn Gold",9,316.663902983986,"Medium"
"2014-P","1690",80.3871283224489,"Ooe, Yukio","Kuwana","Other","Japan","Nippon Ichi Dodekabocha Taikai",NA,NA,0,0,0,"Prizewinner",9,36.4629880532737,"Light"
"2018-P","859",754.446511139983,"Asta, Carmelo","Pontedera","Tuscany","Italy","Campionato dello Zuccone","1761.5 Cutrupi","Self",311.788508077254,695.617767926386,5.90621147789224,"Rouge Vif d’Etampes",9,342.211181026216,"Medium"
"2019-P","1719",25.3090069941082,"Buechele, Franz",NA,"Lower Austria","Austria","Leiserberge Weigh-off",NA,NA,NA,0,0,"Big Moose",9,11.4799724648041,"Light"
"2016-P","1128",485.382000426436,"Rosi, Silvano","Garlate","Lombardy","Italy","Festa della zucca di sale",NA,NA,251.248639512869,449.322883120876,7.72600602526065,"Connecticut Field",9,220.165571928768,"Medium"
"2020-P","817",717.2015991624,"Bernardini, Matteo","Petrignano del Lago","Umbria","Italy","Pesa la Zucca! Foiano",NA,NA,315.418699343967,697.04277061693,0.999327272123501,"Early Giant",9,325.317173131863,"Medium"
"2020-P","690",796.069843810608,"Sartini, Valerio",NA,"Lombardy","Italy","Sfida degli Zucconi della Brianza","1686,5 CUTRUPI","2138,9 BIERMANS JAN",NA,744.860221560309,2.9738691590653,"Jack O'Lantern",9,361.091207139584,"Medium"
"2021-P","372",1243.38129252008,"LFS, Tulln","Ernstbrunn","Lower Austria","Austria","Retzer Land Weigh-off","1819 Mendi 19","1225.8 Kurzreiter 20",402.730384757078,1248.67222394556,0,"Big Moose",9,563.988267287848,"Heavy"
"2013-P","991",409.546342011594,"Klein, Martin","Langenlois","Other","Austria","Austrian Weigh-off",NA,NA,0,0,0,"Spirit",9,185.76709589787,"Medium"
"2019-P","1167",410.71398627199,"Kurzreiter, Lukas","Tulln","Lower Austria","Austria","Austrian Weigh-off",NA,NA,259.26054486484,430.455053123597,5.00412881539838,"Cinderella",9,186.296730425259,"Medium"
"2015-P","1705",138.446070222245,"Ondelli, Franco",NA,"Other","Italy","Festa della zucca di sale",NA,NA,187.952353322475,127.941245581932,2.94510787478645,"Big Max",9,62.7980811092944,"Light"
"2017-P","1544",86.380916353769,"Hayashi, Kishio","Tonosho","Other","Japan","Nippon Ichi Dodekabocha Taikai",NA,NA,0,0,0,"Jack O'Lantern",9,39.1817245716778,"Light"
"2014-P","1290",446.389156519211,"Melka, Friedrich",NA,"Other","Austria","Austrian Weigh-off",NA,NA,0,0,0,"Atlantic Giant",9,202.47871544785,"Medium"
"2019-P","EXH",300.189746168523,"Boeck, Alexander","Ernstbrunn","Lower Austria","Austria","Leiserberge Weigh-off",NA,NA,0,0,NA,"Howden",9,136.163778414279,"Light"
"2018-P","1580",170.510237369829,"Seri, Remo","Pontedera","Tuscany","Italy","Pesa la Zucca! Foiano",NA,NA,198.612597580922,173.270717098551,0,"Wolf",9,77.3421426778434,"Light"
"2020-P","1180",251.847472832338,"Ito, Masayuki","Hokuto","Other","Japan","Nippon Ichi Dodekabocha Taikai",NA,NA,0,0,0,"Early Giant",9,114.236092080531,"Light"
"2020-P","EXH",474.341195054077,"Puehringer, Beate",NA,"Lower Austria","Austria","Europameisterschaft im Kurbiswiegen","1594 Melka","1594 Melka",282.773185643853,480.016211405334,2.01325495736676,"Rouge Vif d’Etampes",9,215.157546853211,"Medium"
"2019-P","685",872.597402703455,"Asta, Carmelo","Umbertide","Umbria","Italy","Pesa la Zucca! Foiano",NA,NA,328.459504625248,886.943112077143,0,"Champion",9,395.803523948104,"Heavy"
"2019-P","1618",102.369265430223,"Giustarini, Vinicio","Cremnago di Inverigo","Lombardy","Italy","Sfida Nazionale della Zucca - Club Maspiano","Salvagni 2017","Self",0,0,0,"Atlantic Giant",9,46.4339177216537,"Light"
"2019-P","EXH",549.747641237323,"Team F.lli, Mori e Guagnetti","Umbertide","Umbria","Italy","Pesa la Zucca! Foiano",NA,NA,283.733047635081,566.059843781594,2.93909992373964,"Connecticut Field",9,249.361335490747,"Medium"
"2021-P","1110",285.663636318337,"Schodl, Zwillinge","Riederberg","Lower Austria","Austria","Leiserberge Weigh-off","1225 Kurzreiter",NA,248.136272399986,380.869915824444,0,"Spirit",9,129.574845820453,"Light"
"2021-P","1323",80.9805828228944,"Hoefler, Norbert","TUlln","Lower Austria","Austria","Austrian Weigh-off","Skonager",NA,150.724575229698,78.5174210158912,0,"Connecticut Field",9,36.732174486618,"Light"
"2018-P","DMG",1555.49378276808,"Loda, Flavio",NA,"Other","Italy","Festa della zucca di sale","2043 clement",NA,399.613453936043,1430.00673443799,13.6732316516046,"Atlantic Giant",9,705.560111446039,"Heavy"
"2017-P","1144",493.122530197465,"Chiti, Davide","Marone","Lombardy","Italy","Sfida degli Zucconi della Brianza","821.2 Petrelli","Open",281.792234952525,528.880120872279,0,"Big Max",9,223.676617172665,"Medium"
"2016-P","927",680.603278171038,"Haindl, Werner",NA,"Lower Austria","Austria","Austrian Weigh-off",NA,NA,NA,725.32841326227,0,"Champion",9,308.71645397537,"Medium"
"2017-P","1542",83.1109918106815,"Urataki, Noboru","Hokuto, Yamanashi","Other","Japan","Nippon Ichi Dodekabocha Taikai",NA,NA,0,0,0,"Wolf",9,37.6985117484576,"Light"
"2015-P","1245",506.59634417236,"Mosti, Rossano","Malonno","Lombardy","Italy","Festa della zucca di sale",NA,NA,255.971626894266,369.499966102672,29.1067999985578,"Jack O'Lantern",9,229.788236386476,"Medium"
"2018-P","920",690.257755565981,"Vodka Melone, Team","Kleinhadersdorf","Lower Austria","Austria","Austrian Weigh-off","1080.9 Melka",NA,0,0,0,"Atlantic Giant",9,313.095651258054,"Medium"
"2013-P","1309",226.63756990895,"Vincenzo Italiano","Marone","Other","Italy","Pesa la Zucca! Foiano",NA,NA,198.403108452442,203.961541750848,7.8286405182934,"Autumn Gold",9,102.801072466041,"Light"
"2020-P","553",957.296086238122,"Daniel, Wonovsky","Riederberg","Vienna","Austria","Leiserberge Weigh-off","1080 Melka","1594 Melka",346.28100189531,1009.33320559488,0,"Casper",9,434.222200548474,"Heavy"
"2019-P","622",902.285306531824,"Team, Die Garten Tulln","St. Marien","Upper Austria","Austria","Leiserberge Weigh-off","1807 Holub","877 Hunt",340.883338237241,994.202887708063,0,"Big Max",9,409.269730605946,"Heavy"
"2019-P","EXH",297.126736822419,"Joebstl, Horst","Wien","Lower Austria","Austria","Austrian Weigh-off","Karkos 2018",NA,230.651428678833,289.7515009168,3.03928044522459,"Dill's Atlantic",9,134.774420745647,"Light"
"2013-P","877",527.584848913718,"Mathias, Franz",NA,"Other","Austria","Austrian Weigh-off","1216 Schieder 12",NA,0,0,0,"Cinderella",9,239.308461994865,"Medium"
"2019-P","1522",172.242684856519,"Takayama, Itsuo","Kamogawa","Other","Japan","Nippon Ichi Dodekabocha Taikai",NA,NA,0,0,0,"Early Giant",9,78.1279676392317,"Light"
"2015-P","1245",488.742945367534,"Mati, Jacopo","Poggiridenti","Lombardy","Italy","Festa della zucca di sale",NA,NA,254.124638034445,375.259115831767,28.0005675225541,"Big Max",9,221.69007091004,"Medium"
"2017-P","1371",276.384190252886,"Vincenzo Italiano","Sirtori","Lombardy","Italy","Festa della zucca di sale","unknow","unknow",222.74854449638,NA,3.03439898971447,"Prizewinner",9,125.365759887337,"Light"
"2015-P","1776",46.9385957503939,"Sudo, Yoichi","Chosei","Other","Japan","Nippon Ichi Dodekabocha Taikai",NA,NA,0,0,0,"Big Moose",9,21.2909888908931,"Light"
"2016-P","1606",78.9019163482646,"Nishizaki, Hideki","Kamogawa","Other","Japan","Nippon Ichi Dodekabocha Taikai",NA,NA,0,0,0,"Connecticut Field",9,35.7893072339511,"Light"
"2017-P","1029",524.738746206957,"Segoni, Eligio","Viarigi","Piedmont","Italy","Pesa la Zucca! Foiano",NA,NA,281.199852394204,601.010895166638,0,"Wolf",9,238.017491522842,"Medium"
"2016-P","1502",199.617206404751,"Baresi, Simone","Foiano della Chiana","Tuscany","Italy","Pesa la Zucca! Foiano",NA,NA,NA,241.77353568819,0,"Big Max",9,90.5448417459103,"Light"
"2014-P","998",601.978964480762,"Blaimschain, Karl","Berndorf","Other","Austria","Austrian Weigh-off",NA,NA,293.9439624008,550.733145592897,2.97364158478941,"Cinderella",9,273.053065188975,"Medium"
"2018-P","1259",449.054049785378,"Squitieri, Danilo","Chianciano","Tuscany","Italy","Campionato dello Zuccone","563 Garofano","Open",294.505119384813,622.547615655486,0,"Casper",9,203.687490700247,"Medium"
"2015-P","977",696.170742310139,"Melka, Friedrich",NA,"Lower Austria","Austria","Austrian Weigh-off","1751 Lovse 14",NA,325.003747571521,733.840194443367,0,"Rouge Vif d’Etampes",9,315.777736929115,"Medium"
"2018-P","807",736.486233511211,"Grabmayer, Manfred","Tulln","Lower Austria","Austria","Austrian Weigh-off","527 Camparmo 17","open",0,0,0,"Spirit",9,334.064536130724,"Medium"
"2013-P","176",1225.57904512909,"Zecchini, Fernando","Arezzo","Other","Italy","Festa della zucca di sale","1789 Wallace","Self",390.93951204411,1206.32420307687,0,"Rouge Vif d’Etampes",9,555.913303702443,"Heavy"
"2014-P","773",764.914844787166,"Kohl, Beatrice","Pruggern","Styria","Austria","Austrian Weigh-off","934 Schieder",NA,321.153330464253,735.487729948116,1.97817494382461,"Dill's Atlantic",9,346.959537295193,"Medium"
"2014-P","930",668.64449076824,"Augusto, Salvagni","Siena","Other","Italy","Festa della zucca di sale",NA,NA,322.017660712669,823.633968124844,0,"Champion",9,303.292039255009,"Medium"
"2013-P","456",915.914643162388,"Dellamassa, Sonia",NA,"Other","Italy","Festa della zucca di sale","948 Young","1321 Checkon",332.679681447876,832.984867975997,8.86144977567651,"Dill's Atlantic",9,415.451893709732,"Heavy"
"2016-P","594",1041.0438050638,"Iguchi, Hidetoshi","Marugame, Kagawa","Other","Japan","Nippon Ichi Dodekabocha Taikai",NA,NA,0,0,0,"Jack O'Lantern",9,472.209526812706,"Heavy"
"2017-P","EXH",320.211755023103,"Cutrupi, Stefano","Merate","Lombardy","Italy","Sfida degli Zucconi della Brianza","821.2 Petrelli","Open",227.933746120787,284.298998801333,5.12213622846427,"Wolf",9,145.245608862789,"Light"
"2018-P","998",586.786594952692,"Grabmayer, Manfred","Schiltern","Lower Austria","Austria","Austrian Weigh-off","1080.9 Melka","sibb",0,0,0,"Blue Hubbard",9,266.161922288821,"Medium"
"2017-P","1574",52.1545042594466,"Ito, Masayuki","Sakai-shi","Other","Japan","Nippon Ichi Dodekabocha Taikai",NA,NA,0,0,0,"Big Max",9,23.6568851932175,"Light"
"2016-P","1635",66.1864855276925,"Milivojevic, Slavogub",NA,"Vienna","Austria","Austrian Weigh-off","951 Mathias",NA,142.287550811953,78.1101316319677,0,"Rouge Vif d’Etampes",9,30.0216848324768,"Light"
"2013-P","1231",292.175992812062,"Fumi, Lorenzo","Dragoni","Other","Italy","Festa della zucca di sale",NA,NA,238.132662952896,304.135118798902,0,"Big Moose",9,132.528801036726,"Light"
"2019-P","1701",47.9917553026504,"Urataki, Noboru","Kamogawa","Other","Japan","Nippon Ichi Dodekabocha Taikai",NA,NA,0,0,0,"Blue Hubbard",9,21.7686940281893,"Light"
"2013-P","1089",346.372746694836,"Kitahara, Fusako","Hokuto","Other","Japan","Nippon Ichi Dodekabocha Taikai",NA,NA,0,0,0,"Connecticut Field",9,157.11203507672,"Light"
"2014-P","1290",410.504963265169,"Benedikt, Maria",NA,"Other","Austria","Austrian Weigh-off",NA,NA,0,0,0,"Jack O'Lantern",9,186.201919184211,"Medium"
"2015-P","1702",134.944180360787,"., Fratelli Mori",NA,"Other","Italy","Campionato dello Zuccone","1254 Bartoli","Open",182.868103150451,130.75048414163,2.94601657463818,"Prizewinner",9,61.2096505875568,"Light"
"2019-P","EXH",775.893948456931,"Cassioli, Andrea","Concorezzo","Lombardy","Italy","Sfida degli Zucconi della Brianza","1867,3 BiermansJan","Self",327.495116066921,780.061522031426,0,"Prizewinner",9,351.939574949237,"Medium"
"2018-P","1741",31.1842351231676,"Yamamoto, Noritami","Sakai","Other","Japan","Nippon Ichi Dodekabocha Taikai",NA,NA,0,0,NA,"Atlantic Giant",9,14.1449311161548,"Light"
"2018-P","EXH",820.534051066649,"Resch, Johann",NA,"Lower Austria","Austria","Austrian Weigh-off",NA,NA,NA,0,0,"Champion",9,372.187984889022,"Heavy"
"2021-P","EXH",609.259817287484,"Zwillinge, Schodl","Riederberg","Lower Austria","Austria","Europameisterschaft im Kurbiswiegen","2139 Skonager 2020",NA,299.401521050904,676.629486738738,0,"Casper",9,276.355604469197,"Medium"
"2017-P","907",648.383493599506,"Ondelli, Franco","Goito","Lombardy","Italy","Sfida degli Zucconi della Brianza","1636 Deletas","self",307.284267798008,624.148805291658,0.993108756987136,"Big Max",9,294.10180553068,"Medium"
"2014-P","1697",77.113669920844,"Miyamoto, Yoji","Kurashiki","Other","Japan","Nippon Ichi Dodekabocha Taikai",NA,NA,0,0,0,"Autumn Gold",9,34.9781722987933,"Light"
"2013-P","844",499.873639999345,"Vanneschi, Massimo",NA,"Other","Italy","Pesa la Zucca! Foiano",NA,NA,284.278200124432,490.399222600826,1.0372399909186,"Wolf",9,226.73886906783,"Medium"
"2017-P","979",558.0853480741,"Kawasaki, Masanobu","Hokuto, Yamanashi","Other","Japan","Nippon Ichi Dodekabocha Taikai",NA,NA,0,0,0,"Dill's Atlantic",9,253.143255695206,"Medium"
"2021-P","1207",189.919304454127,"Jaglarz, Mario",NA,"Lower Austria","Austria","Leiserberge Weigh-off","520.3 Grabmayer 19",NA,199.161704298965,195.523605478682,1.02921944557236,"Connecticut Field",9,86.1459474160988,"Light"
"2020-P","EXH",495.255542169179,"Teichmann, Erik","Langenlois","Lower Austria","Austria","Europameisterschaft im Kurbiswiegen","1594 Melka","1594 Melka",279.81537925532,467.008305638591,2.09920201468381,"Howden",9,224.644135128153,"Medium"
"2016-P","DMG",666.698899385695,"Bartoli, Ivan","Collevecchio","Lazio","Italy","Campionato dello Zuccone",NA,NA,315.5445040338,658.161542930936,0,"Early Giant",9,302.409533848749,"Medium"
"2013-P","1050",428.332464492263,"Caravaggi, Valerio",NA,"Other","Italy","Campionato dello Zuccone","1278 Bartoli","Open",NA,386.676028947909,7.00290040810637,"Early Giant",9,194.288337716986,"Medium"
"2019-P","783",759.61267742746,"Schieder, Christoph",NA,"Lower Austria","Austria","Gartenbauschule Langenlois","1379.6 Matthias","self",308.286988772488,793.464130225514,0,"Blue Hubbard",9,344.554514636367,"Medium"
"2017-P","1566",69.1142539025253,"Ito, Masayuki","Marugame","Other","Japan","Nippon Ichi Dodekabocha Taikai",NA,NA,0,0,0,"Big Moose",9,31.3496982284282,"Light"
"2014-P","1347",361.044343720017,"Buechele, Franz",NA,"Other","Austria","Austrian Weigh-off",NA,NA,0,0,0,"Howden",9,163.766959543057,"Light"
"2014-P","1431",327.442014325889,"Chiti, Davide","Castello Brianza","Lombardy","Italy","Festa della zucca di sale","1770 lieber",NA,234.560730414474,286.867238234746,7.17515942310646,"Autumn Gold",9,148.525199315654,"Light"
"2015-P","794",817.196423690828,"Nakamura, Tomio","Kamogawa","Other","Japan","Nippon Ichi Dodekabocha Taikai",NA,NA,0,0,0,"Atlantic Giant",9,370.674062577447,"Heavy"
"2018-P","446",1045.47201315172,"Mandorlini, Franco","Bagnolo Mella","Lombardy","Italy","Festa della zucca di sale","998.7tosoni","1803holke",359.961573164233,1102.53760918595,0,"Connecticut Field",9,474.218128214161,"Heavy"
"2019-P","1405",258.723633288448,"Eichinger, Thomas","Walperbach","Lower Austria","Austria","Gartenbauschule Langenlois",NA,NA,233.354316856404,284.440045904695,0,"Early Giant",9,117.355065998318,"Light"
"2016-P","1187",435.470145124923,"Hayase, Himari","Kobe","Other","Japan","Nippon Ichi Dodekabocha Taikai",NA,NA,0,0,0,"Casper",9,197.525935191458,"Medium"
"2018-P","1750",22.7618109370988,"koko, Izumonorin","Shozu","Other","Japan","Nippon Ichi Dodekabocha Taikai",NA,NA,0,0,0,"Wolf",9,10.3245837684506,"Light"
"2019-P","1664",69.538864679598,"Kobe-Tokiwa, Girls HighSchool","Takamatsu","Other","Japan","Nippon Ichi Dodekabocha Taikai",NA,NA,0,NA,0,"Wolf",9,31.5422984371282,"Light"
"2021-P","1041",359.31661012833,"Melka, Friedrich","Baerndorf","Lower Austria","Austria","Leiserberge Weigh-off","520.3 Grabmayer 19","open",238.101397992604,340.926678379392,4.0183453438513,"Rouge Vif d’Etampes",9,162.983272768475,"Light"
"2016-P","1139",522.06062209452,"Itou, Masayuki","Tonosho","Other","Japan","Nippon Ichi Dodekabocha Taikai",NA,NA,0,0,0,"Big Max",9,236.802714859528,"Medium"
"2017-P","EXH",335.425914828536,"Boselli, Ermerino","Foiano della chiana","Tuscany","Italy","Campionato dello Zuccone",NA,NA,246.677455112395,337.565987632321,0,"Big Moose",9,152.146635666494,"Light"
"2020-P","913",532.802839774535,"Sartini, Valerio","Pontremoli","Tuscany","Italy","Pesa la Zucca! Foiano",NA,NA,NA,440.130548602106,9.83736961439782,"Casper",9,241.675302836062,"Medium"
"2020-P","EXH",243.107947079184,"Roghi, Alberto","Radda in Chianti","Tuscany","Italy","Pesa la Zucca! Foiano",NA,NA,217.455860467419,232.956935504037,3.94545113256796,"Wolf",9,110.271909881481,"Light"
"2018-P","988",641.120617708944,"Dorner, Martin","Riederberg","Vienna","Austria","Austrian Weigh-off","1892 Faust 15",NA,0,0,0,"Cinderella",9,290.807420442464,"Medium"
"2019-P","1710",36.3647321032825,"Hannan, Kagawa Agricultural Cooperative",NA,"Other","Japan","Nippon Ichi Dodekabocha Taikai",NA,NA,0,0,0,"Autumn Gold",9,16.494765019143,"Light"
"2018-P","EXH",548.251018036941,"Ribechini, Alessio","Marone","Lombardy","Italy","Festa della zucca di sale",NA,NA,289.452212042943,599.444370138275,0,"Blue Hubbard",9,248.682478626289,"Medium"
"2013-P","EXH",896.258414225045,"Hoefler, Norbert",NA,"Lower Austria","Austria","Austrian Weigh-off","1325 Sperry 11","934 Schieder 11",323.433627151797,785.455446086482,11.4242654098159,"Spirit",9,406.53597824078,"Heavy"
"2014-P","1272",417.775761589474,"Marco, Rosati",NA,"Other","Italy","Campionato dello Zuccone",NA,"Open",263.228260033921,379.396216796358,3.86578727506103,"Dill's Atlantic",9,189.499897827924,"Medium"
"2019-P","591",957.452781700155,"Matteo, Tosoni","Terricciola","Tuscany","Italy","Campionato dello Zuccone","2012 Salvagni","Open",379.009768405632,1080.42638689265,0,"Autumn Gold",9,434.293276414466,"Heavy"
"2018-P","EXH",676.501288407762,"Klein, Hubert","St. Margarethen","Carinthia","Austria","Austrian Weigh-off","1415 Melka",NA,0,0,0,"Big Max",9,306.85582271693,"Medium"
"2014-P","972",687.578706479726,"Yada, Tunehisa","Shozu","Other","Japan","Nippon Ichi Dodekabocha Taikai",NA,NA,0,0,0,"Cinderella",9,311.880455033673,"Medium"
"2019-P","1724",22.6712767369082,"Hannan, Kagawa Agricultural cooperative","Shozu, Kagawa","Other","Japan","Nippon Ichi Dodekabocha Taikai",NA,NA,0,0,0,"Connecticut Field",9,10.28351814602,"Light"
"2015-P","1589",194.48533311982,"Hannan, Kagawa Agricultural Cooperative","Takahashi","Other","Japan","Nippon Ichi Dodekabocha Taikai",NA,NA,0,0,0,"Connecticut Field",9,88.2170631800584,"Light"
"2015-P","677",967.201844728828,"Tada, Tamon",NA,"Other","Japan","Nippon Ichi Dodekabocha Taikai",NA,NA,0,0,NA,"Big Max",9,438.715377018921,"Heavy"
"2019-P","572",933.480565836209,"Schodl, Zwillinge",NA,"Upper Austria","Austria","Austrian Weigh-off","1861.8 Cutrupi",NA,356.454255308087,1068.63368849906,0,"Rouge Vif d’Etampes",9,423.419662206587,"Heavy"
"2021-P","949",470.533940736823,"Langenlois, Gartenbauschule","Baerndorf","Lower Austria","Austria","Leiserberge Weigh-off","1225.8 Kurzreiter 2020","sibb",298.9399798722,594.627642221958,0,"Champion",9,213.430605344255,"Medium"
"2017-P","1197",403.013327550768,"Romoli, Giorgia Syria","Niardo","Lombardy","Italy","Sfida degli Zucconi della Brianza","1182,80 Van Der Vennet","Self",260.457449669418,438.127553901412,0,"Jack O'Lantern",9,182.803770385339,"Medium"
"2020-P","1181",249.872936268028,"Nakai, Takayuki","Okayama","Other","Japan","Nippon Ichi Dodekabocha Taikai",NA,NA,0,0,0,"Rouge Vif d’Etampes",9,113.340457360674,"Light"
"2020-P","587",957.99692611134,"Puchner, Thomas","Riederberg","Lower Austria","Austria","Austrian Weigh-off","2138 Biermans",NA,336.302859563055,891.204227828949,1.00354725855962,"Champion",9,434.540096167557,"Heavy"
"2015-P","794",801.33873796364,"Horikawa, Masaru",NA,"Other","Japan","Nippon Ichi Dodekabocha Taikai",NA,NA,0,NA,0,"Jack O'Lantern",9,363.481137325736,"Heavy"
"2020-P","186",1396.92672977513,"Bontempi, Giovanna","Chiari","Lombardy","Italy","Sfida Nazionale della Zucca - Club Maspiano","2145 Mcmullen 2016","2416,5 Haist",398.793034521828,1313.53543730054,8.05466450395061,"Champion",9,633.63530607505,"Heavy"
"2020-P","1198",219.629200084495,"Kikkoman Biochemifa Company","Tohaku","Other","Japan","Nippon Ichi Dodekabocha Taikai",NA,NA,0,0,0,"Casper",9,99.6221293875305,"Light"
"2018-P","1259",456.951067820253,"Filippi, Giada","Radda in Chianti","Tuscany","Italy","Campionato dello Zuccone","563 Garofano","Open",312.533073362775,599.89359110694,0,"Big Max",9,207.269517826619,"Medium"
"2021-P","252",1260.82174768163,"Boeck, Alexander","St. Oswald","Styria","Austria","Austrian Weigh-off","1819 Mendi 19",NA,385.163674200969,1263.09486992429,5.02141284547589,"Prizewinner",9,571.899124678452,"Heavy"
"2018-P","1742",33.3014748746955,"Tanaka, Akihiko","Sakaide","Other","Japan","Nippon Ichi Dodekabocha Taikai",NA,NA,0,0,0,"Cinderella",9,15.1052949129086,"Light"
"2017-P","814",733.303779294786,"Hofer, Johann","Berndorf","Lower Austria","Austria","Austrian Weigh-off","1714 Lueders","sibb",327.192057996488,835.000507320318,0,"Early Giant",9,332.620999180279,"Medium"
"2021-P","842",559.512145674048,"Bertone, Andrea","Sale Marasino","Lombardy","Italy","Sfida degli Zucconi della Brianza","877.4 Jaglarz '18","self",303.117742115522,592.467972013347,0,"Wolf",9,253.790440200077,"Medium"
"2017-P","1556",70.1819676361588,"Shinohara, Shigehiro","Sakai-shi","Other","Japan","Nippon Ichi Dodekabocha Taikai",NA,NA,0,0,0,"Atlantic Giant",9,31.8340050313486,"Light"
"2013-P","1436",132.621245804483,"Melka, Friedrich",NA,"Other","Austria","Austrian Weigh-off",NA,NA,0,0,0,"Early Giant",9,60.1559851968079,"Light"
"2020-P","200",1391.57401302742,"Schieder, Christoph","Gross Gerungs","Lower Austria","Austria","Leiserberge Weigh-off",NA,"2226.7 DMGBoonenHerman 2018",399.296398010893,NA,0,"Rouge Vif d’Etampes",9,631.207354599518,"Heavy"
"2019-P","EXH",589.20030401591,"Rainer, Michael","Haag","Lower Austria","Austria","Austrian Weigh-off","1944 Conolly",NA,323.452768332473,696.046123220898,0,"Cinderella",9,267.256762303297,"Medium"
"2020-P","1328",83.3679081221085,"Honda, Saburo","Shozu","Other","Japan","Nippon Ichi Dodekabocha Taikai",NA,NA,0,0,0,"Cinderella",9,37.8150470270494,"Light"
"2013-P","EXH",164.821331600211,"Vendepane, Giulio",NA,"Other","Italy","Campionato dello Zuccone","899 Cutrupi","Open",0,0,0,"Early Giant",9,74.7616984270955,"Light"
"2016-P","689",884.382397164906,"Plebani, Cristian",NA,"Lombardy","Italy","Festa della zucca di sale","2145 mcmullen","2230 wallace",331.032377861054,781.62265652447,7.07744772874821,"Prizewinner",9,401.149107516311,"Heavy"
"2015-P","995",691.120763898925,"Mariarosa, Buffoli",NA,"Other","Italy","Campionato dello Zuccone","1488 Cutrupi est-dmg","Open",286.391111317277,644.457401822593,7.91154426950093,"Dill's Atlantic",9,313.487105253124,"Medium"
"2019-P","1676",66.2071492507394,"Naka, Yoichi","Kuwana, Mie","Other","Japan","Nippon Ichi Dodekabocha Taikai",NA,NA,0,0,0,"Autumn Gold",9,30.0310577395866,"Light"
"2013-P","1535",20.7966793142286,"Uematsu, Nobuyuki","Noda","Other","Japan","Nippon Ichi Dodekabocha Taikai",NA,NA,0,0,0,"Atlantic Giant",9,9.43321505827092,"Light"
"2020-P","1351",69.0292060252805,"Hashimoto, Dai","Takamatu","Other","Japan","Nippon Ichi Dodekabocha Taikai",NA,NA,0,0,0,"Connecticut Field",9,31.3111211602253,"Light"
"2020-P","619",803.125274447334,"Ferraris, Giustino","Castelfiorentino","Tuscany","Italy","Pesa la Zucca! Foiano",NA,NA,303.008884660072,714.122511288577,7.44609462991257,"Connecticut Field",9,364.291496643467,"Heavy"
"2014-P","1289",403.442441885869,"Musso, Stefano","Lamporecchio","Tuscany","Italy","Campionato dello Zuccone",NA,"952 Bartoli",271.151364185061,381.783119914698,0,"Big Moose",9,182.998413373599,"Medium"
"2019-P","537",938.013728270722,"TEAM, Biorasen",NA,"Lower Austria","Austria","Leiserberge Weigh-off",NA,"2145.5 McMullen 2015",340.761230354019,1024.05261107811,0,"Atlantic Giant",9,425.475870098853,"Heavy"
"2013-P","DMG",282.655006371034,"Pogna, Lorena",NA,"Other","Italy","Pesa la Zucca! Foiano",NA,NA,224.703694084652,304.167100736737,0,"Wolf",9,128.210154232202,"Light"
"2021-P","1014",390.349309428454,"Hoefler, Norbert","Langenlois","Lower Austria","Austria","Austrian Weigh-off","888.5 Markl","self",269.082095355719,456.631220403448,NA,"Atlantic Giant",9,177.059468391516,"Light"
"2020-P","863",617.524484853449,"Grouphome, Ainosato","Tendo","Other","Japan","Nippon Ichi Dodekabocha Taikai",NA,NA,0,0,0,"Howden",9,280.104394617705,"Medium"
"2021-P","EXH",848.222955485005,"matteo, tosoni","Calcio","Lombardy","Italy","Sfida degli Zucconi della Brianza","1686.5 Cutrupi '18","Self",339.514210225583,NA,NA,"Prizewinner",9,384.747460666848,"Heavy"
"2018-P","1735",41.3321666942258,"Nakai, Takayuki","Marugame","Other","Japan","Nippon Ichi Dodekabocha Taikai",NA,NA,0,0,0,"Casper",9,18.747955448069,"Light"
"2020-P","630",866.516113784783,"Pachtrog, Andreas","Tulln","Lower Austria","Austria","Leiserberge Weigh-off","368 Joebstl","1369 Arsens",347.584130840213,963.174952470895,0,"Casper",9,393.04509769483,"Heavy"
"2020-P","847",642.629247621836,"Pfleger, Patrick","Oberkreuzstetten","Lower Austria","Austria","Austrian Weigh-off","2138 Biermans","self",294.929654163307,618.616629569523,3.96657855145324,"Casper",9,291.491723460106,"Medium"
"2018-P","807",892.764461746464,"Moranda, Laura","Marone","Other","Italy","Festa della zucca di sale","1333 garofano","767 louse",344.265139641277,787.809802737101,8.9440090939275,"Big Max",9,404.951148055353,"Heavy"
"2015-P","1308",439.323795697824,"Kittenberger, Christian",NA,"Other","Austria","Austrian Weigh-off","1751 Lovse 14",NA,275.082969456153,461.640276816834,0,"Wolf",9,199.273921687972,"Medium"
"2013-P","906",538.848297626877,"Topini, Cinzia",NA,"Other","Italy","Festa della zucca di sale","1118 Cutrupi",NA,286.479816408468,591.798392309772,0,"Rouge Vif d’Etampes",9,244.417476391041,"Medium"
"2021-P","619",814.286846978745,"Grabmayer, Manfred","Phyra","Upper Austria","Austria","Austrian Weigh-off","1621.5 Marshall",NA,322.80031030897,NA,0,"Prizewinner",9,369.354300780916,"Heavy"
"2019-P","1719",26.4964095833272,"Mathias, Franz",NA,"Lower Austria","Austria","Leiserberge Weigh-off",NA,NA,0,0,0,"Rouge Vif d’Etampes",9,12.0185692193921,"Light"
"2020-P","1229",190.144706068391,"Andreoli, Gianfranco","Cassago Brianza","Lombardy","Italy","Sfida Nazionale della Zucca - Club Maspiano","1137 Salvagni 2019","Open",0,0,0,"Casper",9,86.2481878685149,"Light"
"2018-P","1717",63.3851850778178,"Sasaki, Toshiki","Shozu","Other","Japan","Nippon Ichi Dodekabocha Taikai",NA,NA,0,NA,0,"Rouge Vif d’Etampes",9,28.751036322336,"Light"
"2018-P","1727",52.4090412187184,"Wittmannn, Franz",NA,"Other","Austria","Austrian Weigh-off","31 Teichmann 17 UOW",NA,0,0,0,"Prizewinner",9,23.7723412158262,"Light"
"2013-P","1200",310.742256664496,"Kitahara, Fusako","Tonosho","Other","Japan","Nippon Ichi Dodekabocha Taikai",NA,NA,0,0,0,"Early Giant",9,140.950316659597,"Light"
"2014-P","786",745.47638163224,"Matteo Gabriele, Bernardini Arrigucci","Arezzo","Other","Italy","Festa della zucca di sale",NA,NA,310.529462939178,738.556909768097,12.5050790796999,"Rouge Vif d’Etampes",9,338.142398723592,"Medium"
"2013-P","1089",360.142788282296,"Maeda, Mitsuteru","Akune","Other","Japan","Nippon Ichi Dodekabocha Taikai",NA,NA,0,0,0,"Big Max",9,163.358020875375,"Light"
"2016-P","1344",319.904242799574,"Agnelli, Chiara","Dogliani","Piedmont","Italy","Festa della zucca di sale",NA,NA,245.360827086321,354.882503771026,0,"Atlantic Giant",9,145.106123664514,"Light"
"2018-P","429",1135.40074599502,"Buechele, Franz","St. Oswald","Styria","Austria","Austrian Weigh-off","1527.8 Melka 17","open",337.852252517895,970.088390316443,21.3661400284052,"Rouge Vif d’Etampes",9,515.00911527565,"Heavy"
"2020-P","1243",187.320614409337,"Wittmann, Franz","Buchkirchen","Upper Austria","Austria","Austrian Weigh-off",NA,NA,189.804531991566,178.96328960226,1.00952134423221,"Big Moose",9,84.9672014397873,"Light"
"2020-P","DMG",844.7728936887,"Boschi, Valerio","Semproniano","Tuscany","Italy","Campionato dello Zuccone","2416.5 Haist","Self",308.608160816173,725.934555378882,NA,"Atlantic Giant",9,383.182538960015,"Heavy"
"2017-P","260",1427.70900735672,"Turmolli, Andrea","Lamporecchio","Tuscany","Italy","Sfida degli Zucconi della Brianza","1975 Wallace","1625 Gantner",386.975524392467,1196.22491147151,13.283644465114,"Spirit",9,647.597912317281,"Heavy"
"2015-P","926",745.311035725607,"Joebstl, Horst",NA,"Other","Austria","Austrian Weigh-off","1148.5 Blaimschein 14",NA,324.37062770389,764.410097265224,0,"Casper",9,338.067399081933,"Medium"
"2019-P","347",1219.05277830183,"Sartini, Gabriele","Garlate","Lombardy","Italy","Sfida Nazionale della Zucca - Club Maspiano","Cutrupi 2166","McMullen 2145",NA,1317.56566728658,0,"Atlantic Giant",9,552.953038865013,"Heavy"
"2018-P","1099",580.291649788929,"Langenlois, Gartenbauschule","Retz","Lower Austria","Austria","Austrian Weigh-off","1720 THW 17",NA,0,0,0,"Jack O'Lantern",9,263.21586471897,"Medium"
"2015-P","1790",26.7852119302969,"koko 1, Izumonorin","Hokuto","Other","Japan","Nippon Ichi Dodekabocha Taikai",NA,NA,0,0,0,"Rouge Vif d’Etampes",9,12.1495677604157,"Light"
"2021-P","1263",144.935089066644,"Markl, Michael","Wien","Vienna","Austria","Retzer Land Weigh-off","1225.8 Kurzreiter 20","open",182.392740645501,168.090791793171,0,"Prizewinner",9,65.7414505459002,"Light"
"2015-P","1784",34.7185350622038,"Takahashi, Masahiro","Kurashiki","Other","Japan","Nippon Ichi Dodekabocha Taikai",NA,NA,0,0,0,"Big Max",9,15.7480626017931,"Light"
"2014-P","1018",627.568155928258,"Ragosta, Giovanni","Siena","Other","Italy","Festa della zucca di sale",NA,"self",325.747259273089,660.300225071553,0,"Early Giant",9,284.660127184028,"Medium"
"2013-P","1434",128.437667445881,"Cassioli, Milena","Corazzano","Other","Italy","Festa della zucca di sale","557 Danesi","557 Danesi",172.494907820474,117.291064134944,2.93125093351152,"Dill's Atlantic",9,58.258345974049,"Light"
"2016-P","DMG",1327.08130617728,"Moretti, Sergio","Castelfiorentio","Tuscany","Italy","Pesa la Zucca! Foiano",NA,NA,410.920506414739,1387.35798704779,0,"Howden",9,601.95395485165,"Heavy"
"2017-P","692",820.157388788396,"Okayama, Ryoji","Shozu","Other","Japan","Nippon Ichi Dodekabocha Taikai",NA,NA,0,0,0,"Blue Hubbard",9,372.01713375354,"Heavy"
"2015-P","445",1031.92907746475,"walter, maffesoli",NA,"Other","Italy","Festa della zucca di sale",NA,NA,364.324774258907,998.634484685878,0,"Howden",9,468.075155919151,"Heavy"
"2018-P","1328",381.885613303336,"Bartoli, Ivan","Castelfiorentino","Tuscany","Italy","Pesa la Zucca! Foiano",NA,NA,255.858175576752,453.587632946832,0,"Wolf",9,173.220400407164,"Light"
"2013-P","1129",333.678871728889,"Ito, Masayuki","Shozu, Kagawa","Other","Japan","Nippon Ichi Dodekabocha Taikai",NA,NA,0,0,0,"Cinderella",9,151.354190246433,"Light"
"2014-P","1289",420.798678085002,"Gervasoni, Andrea","Lamporecchio","Tuscany","Italy","Campionato dello Zuccone","1052 Ferretti","952 Bartoli",267.663015707856,418.450063016098,0,"Casper",9,190.871069685443,"Medium"
"2018-P","1718",58.5259264642574,"Kuzunishi, Takamichi","Noda","Other","Japan","Nippon Ichi Dodekabocha Taikai",NA,NA,0,0,0,"Rouge Vif d’Etampes",9,26.5469136913682,"Light"
"2013-P","1200",289.087095761451,"Ueno, Tuyoshi","Kisomisaki","Other","Japan","Nippon Ichi Dodekabocha Taikai",NA,NA,0,0,0,"Autumn Gold",9,131.127700902853,"Light"
"2014-P","1475",267.856816918639,"Giornale di Brescia, Francesco e Flavio",NA,"Other","Italy","Festa della zucca di sale",NA,NA,216.13092734192,276.179152896517,3.08620801302116,"Rouge Vif d’Etampes",9,121.497808406782,"Light"
"2016-P","EXH",771.43237434178,"Teichmann, Erik","Wien","Vienna","Austria","Austrian Weigh-off","1714 Lueders",NA,332.663800954182,NA,0.972164422448156,"Connecticut Field",9,349.915838972415,"Medium"
"2020-P","817",595.82879256238,"ivan, bartoli","Umbertide","Umbria","Italy","Pesa la Zucca! Foiano",NA,NA,278.930226443288,607.069688807709,0.977595355070453,"Spirit",9,270.263394132608,"Medium"
"2019-P","1567",133.861802040516,"Felappi, Lorenzo","Rimini","Emilia-Romagna","Italy","Campionato dello Zuccone","165 Wild","Open",0,0,0,"Prizewinner",9,60.7186920400284,"Light"
"2021-P","1224",169.247892675799,"Melka, Friedrich","Kleinhadersdorf","Lower Austria","Austria","Austrian Weigh-off",NA,NA,196.269152931307,216.916150855172,0,"Early Giant",9,76.7695527563214,"Light"
"2019-P","981",581.001401089472,"Aininger, Gerald","Tulln","Lower Austria","Austria","Gartenbauschule Langenlois","1297.5 Young","self",311.030235293088,649.75662608037,0,"Atlantic Giant",9,263.537802493494,"Medium"
"2017-P","554",964.51607388671,"Boeck, Alexander","Riederberg","Lower Austria","Austria","Europameisterschaft im Kurbiswiegen","2095 Willejmins","1726 Cutrupi",357.573493907825,NA,0,"Atlantic Giant",9,437.497131857368,"Heavy"
"2018-P","726",790.979552480443,"Valagussa, Tonino","Castelfiorentino","Tuscany","Italy","Campionato dello Zuccone",NA,NA,325.568145150111,657.750709698523,14.7132424762275,"Rouge Vif d’Etampes",9,358.782289831143,"Medium"
"2017-P","1441",197.185561405073,"Jaglarz, Mario","Gross Gerungs","Lower Austria","Austria","Austrian Weigh-off","1714 Lueders 15",NA,0,0,0,"Rouge Vif d’Etampes",9,89.4418661275076,"Light"
"2019-P","1157",403.174557728911,"Melka, Friedrich",NA,"Vorarlberg","Austria","Austrian Weigh-off","Rudorfer",NA,267.080112387428,421.973325375031,0,"Blue Hubbard",9,182.876903163959,"Medium"
"2020-P","1369",59.6979684171929,"Ito, Tamio","Sakai-shi","Other","Japan","Nippon Ichi Dodekabocha Taikai",NA,NA,0,0,0,"Jack O'Lantern",9,27.0785429785397,"Light"
"2021-P","1370",38.488984588276,"Rodler, Bernd","TUlln","Lower Austria","Austria","Retzer Land Weigh-off",NA,NA,116.596861361157,41.6232379095131,0,"Rouge Vif d’Etampes",9,17.4583097382896,"Light"
"2019-P","EXH",308.364275689362,"Schoetzer, Alexander","Riederberg","Lower Austria","Austria","Austrian Weigh-off","Melka",NA,241.302725227611,364.594107630606,0,"Big Moose",9,139.871682633271,"Light"
"2014-P","1673",107.289414873501,"Team, Bauhof Tulln","Ullrichskirchen","Other","Austria","Austrian Weigh-off",NA,NA,NA,0,0,"Prizewinner",9,48.6656599683846,"Light"
"2020-P","1277",153.733341468558,"Agnelli, Chiara","Cremnago di Inverigo","Lombardy","Italy","Sfida degli Zucconi della Brianza","1177,3 GOELL 19","self",187.939566485008,161.753560400158,0,"Big Max",9,69.7322707047426,"Light"
"2014-P","1231",491.440603353777,"Gobbi, Alessio","Calcio","Other","Italy","Pesa la Zucca! Foiano",NA,NA,303.974572842163,NA,0,"Big Max",9,222.91370798947,"Medium"
"2019-P","1419",224.110627956429,"Dellamassa, Sonia",NA,"Lombardy","Italy","Sfida Nazionale della Zucca - Club Maspiano","Salvagni 2017","Open",203.464861791057,217.956318842211,6.87911349314351,"Prizewinner",9,101.654870876945,"Light"
"2014-P","EXH",58.0753469078993,"Jaglarz, Mario",NA,"Other","Austria","Austrian Weigh-off",NA,NA,0,NA,0,"Howden",9,26.3425342425262,"Light"
"2021-P","1242",166.406060709035,"Team Schaugarten Kittenberger Erlebnisgaertnen","St. Michael","Carinthia","Austria","Austrian Weigh-off",NA,"self",203.873374279942,164.073550546354,0,"Big Moose",9,75.480519459375,"Light"
"2019-P","EXH",146.03996210944,"Lacina, Martin","Tulln","Lower Austria","Austria","Austrian Weigh-off",NA,NA,176.001357298516,138.473640849207,7.87471268436456,"Spirit",9,66.242612527931,"Light"
"2021-P","EXH",201.887316476734,"Wittmann, Franz","Karnabrunn","Lower Austria","Austria","Austrian Weigh-off","Langheim",NA,213.757308834977,208.028656984213,3.05317536751273,"Jack O'Lantern",9,91.5745463536216,"Light"
"2016-P","1373",292.661306109606,"Piazza, Moreno","Montepulciano","Tuscany","Italy","Campionato dello Zuccone",NA,NA,226.855730369248,261.033450702213,7.03407990238634,"Rouge Vif d’Etampes",9,132.748935445552,"Light"
"2013-P","225",1117.07169722764,"Filippi, Giada","Artogne","Other","Italy","Festa della zucca di sale","1490 Cutrupi","1420 Cutrupi",362.603334948743,1150.2246232808,0,"Autumn Gold",9,506.695198605409,"Heavy"
"2018-P","1688",86.1320459894,"Squitieri, Danilo","Magione","Umbria","Italy","Campionato dello Zuccone",NA,NA,0,0,0,"Champion",9,39.0688388732809,"Light"
"2019-P","1437",236.340910322415,"Turmolli, Andrea","Calcio","Lombardy","Italy","Sfida degli Zucconi della Brianza","1685 Larue","Self",205.17241645323,218.278820073291,4.01128474308581,"Champion",9,107.202433641102,"Light"
"2016-P","1553",141.79077652361,"Guagnetti, Daniel","Capriolo","Lombardy","Italy","Festa della zucca di sale",NA,NA,NA,134.355133043535,NA,"Big Moose",9,64.3152143674845,"Light"
"2020-P","262",1325.95985603558,"Kurzreiter, Lukas","Schiltern","Lower Austria","Austria","Austrian Weigh-off","2226 Boonen DMG","2016 Boonen",395.309930036233,1414.31097943645,0,"Wolf",9,601.445273624039,"Heavy"
"2018-P","1748",24.8526681530776,"Miki, Susumu","Shodoshima","Other","Japan","Nippon Ichi Dodekabocha Taikai",NA,NA,0,0,0,"Rouge Vif d’Etampes",9,11.272980648378,"Light"
"2020-P","1330",92.5994953039654,"Yato, Nobuyuki","Shimoniikawa","Other","Japan","Nippon Ichi Dodekabocha Taikai",NA,NA,0,0,0,"Champion",9,42.0024245357296,"Light"
"2013-P","1534",24.1320837547696,"Ito, Masayuki","Shozu, Kagawa","Other","Japan","Nippon Ichi Dodekabocha Taikai",NA,NA,0,0,NA,"Spirit",9,10.9461290633644,"Light"
"2020-P","EXH",373.974382789399,"Lacina, Martin",NA,"Lower Austria","Austria","Retzer Land Weigh-off",NA,NA,256.711767542644,342.23857561213,0,"Cinderella",9,169.631926608731,"Light"
"2017-P","660",823.48112034497,"Sasaki, Toshiki","Yatomi, Aichi","Other","Japan","Nippon Ichi Dodekabocha Taikai",NA,NA,0,0,0,"Howden",9,373.52475302753,"Heavy"
"2017-P","1321",295.375983142294,"Baimschein, Karl","Waidhofen/Thaya","Lower Austria","Austria","Austrian Weigh-off","Clementz",NA,0,0,0,"Spirit",9,133.980292234593,"Light"
"2019-P","1131",417.170054436623,"Joebstl, Waltraud","Walperbach","Lower Austria","Austria","Gartenbauschule Langenlois","1789 Paton","sibb",274.723614841331,477.555889422586,0,"Big Moose",9,189.225153684937,"Medium"
"2021-P","226",1395.84642645607,"Felappi, Lorenzo","Lesmo","Lombardy","Italy","Sfida Nazionale della Zucca - Club Maspiano","2416 SHAIST","2060.2 PATON",382.023099995554,1197.76290015402,7.24464019538977,"Dill's Atlantic",9,633.14528873224,"Heavy"
"2013-P","841",549.150352322044,"Salvagni, Augusto",NA,"Other","Italy","Pesa la Zucca! Foiano",NA,NA,287.628915170251,534.236598104227,7.88172770276393,"Big Moose",9,249.090409796091,"Medium"
"2017-P","521",1030.8825222457,"Spreafico, Luca","Malonno","Lombardy","Italy","Festa della zucca di sale","1623.5 Wallace","1969 Haist",353.618928103906,1038.91856536833,0,"Connecticut Field",9,467.600446457006,"Heavy"
"2017-P","1194",409.401659094298,"Tosoni, Matteo",NA,"Lombardy","Italy","Festa della zucca di sale","Open","Open",269.128608409004,NA,0,"Blue Hubbard",9,185.701468830514,"Medium"
"2021-P","343",1181.9960388664,"Rosi, Silvano","Dragoni","Campania","Italy","Campionato dello Zuccone","2014 Paton","2183 Mendi",377.86116869675,1225.52972102211,NA,"Big Moose",9,536.144384600022,"Heavy"
"2019-P","EXH",203.913967243485,"Turmolli, Andrea","Goito","Lombardy","Italy","Sfida degli Zucconi della Brianza","1257,7 Petrelli","Self",206.826708011759,221.833571839165,0,"Jack O'Lantern",9,92.4938196780745,"Light"
"2017-P","1013",555.94245502921,"Mathias, Franz","Doerfles","Lower Austria","Austria","Austrian Weigh-off","Blaimschen","Cutrupi",0,0,0,"Connecticut Field",9,252.171255760318,"Medium"
"2017-P","DMG",1222.9721324833,"Greta e Paolo, Team","Capri","Campania","Italy","Campionato dello Zuccone","2066 Geddes","1216 Keenan",371.990173631498,1353.12022088827,0,"Dill's Atlantic",9,554.730828017056,"Heavy"
"2014-P","1501",237.025595433351,"Asta, Carmelo","Buja","Other","Italy","Pesa la Zucca! Foiano",NA,NA,208.29066448392,229.627779260938,4.78246168134508,"Rouge Vif d’Etampes",9,107.513001583275,"Light"
"2016-P","1650",29.2331186090586,"Okuda, Takefumi","Kuwana, Mie","Other","Japan","Nippon Ichi Dodekabocha Taikai",NA,NA,0,0,0,"Atlantic Giant",9,13.259919552374,"Light"
"2013-P","1328",223.471320164539,"Buffoli, Tarcisio","Foiano della Chiana","Other","Italy","Festa della zucca di sale",NA,NA,213.62142032437,210.76463258434,NA,"Rouge Vif d’Etampes",9,101.364885740462,"Light"
"2018-P","1261",433.514583888075,"Mori, Flli.","Foiano della chiana","Tuscany","Italy","Campionato dello Zuccone","1333 Garofano","Open",NA,406.596578675424,6.11687345835304,"Casper",9,196.638907535356,"Medium"
"2017-P","1164",466.245063509317,"Kuroda, Takahito","Kurashiki","Other","Japan","Nippon Ichi Dodekabocha Taikai",NA,NA,0,0,0,"Champion",9,211.485203357992,"Medium"
"2013-P","1193",296.900628274449,"Falchi, Brunero",NA,"Other","Italy","Campionato dello Zuccone","899 Cutrupi","Open",NA,0,0,"Early Giant",9,134.671859633497,"Light"
"2019-P","1626",98.4058949104899,"Kuroda, Takahito",NA,"Other","Japan","Nippon Ichi Dodekabocha Taikai",NA,NA,0,0,0,"Casper",9,44.6361630944201,"Light"
"2021-P","1150",255.628086284389,"Vodka Melone, Team","Tulln","Lower Austria","Austria","Austrian Weigh-off",NA,NA,215.912348692334,287.40805548689,0,"Big Max",9,115.950949496301,"Light"
"2020-P","1379",40.934734657179,"Hannan, Kagawa Agricultural Cooperative","Kisomisaki","Other","Japan","Nippon Ichi Dodekabocha Taikai",NA,NA,0,0,0,"Dill's Atlantic",9,18.567683308471,"Light"
"2013-P","1230",305.60658397773,"Mathias, Franz",NA,"Other","Austria","Austrian Weigh-off",NA,NA,0,0,0,"Big Max",9,138.620814714062,"Light"
"2019-P","1559",156.24065389948,"Kawasaki, Masanobu","Kanonji","Other","Japan","Nippon Ichi Dodekabocha Taikai",NA,NA,0,0,0,"Wolf",9,70.8695684926148,"Light"
"2018-P","1724",51.7144917147355,"Nakashima, Massao","Asago","Other","Japan","Nippon Ichi Dodekabocha Taikai",NA,NA,0,0,0,"Spirit",9,23.4572988602323,"Light"
"2019-P","1512",176.191554855868,"Baresi, Simone",NA,"Lombardy","Italy","Sfida degli Zucconi della Brianza","1761,5 Cutrupi","Self",NA,186.03724918095,4.92843393257417,"Connecticut Field",9,79.919144941058,"Light"
"2013-P","1140",351.639976699274,"Zucchelli, Michael","Gallignano","Other","Italy","Pesa la Zucca! Foiano",NA,NA,230.193461306374,307.430190312579,16.1892159198788,"Howden",9,159.501210417768,"Light"
"2018-P","998",568.245929884048,"Melka, Friedrich","Baerndorf","Lower Austria","Austria","Austrian Weigh-off",NA,NA,0,0,0,"Cinderella",9,257.752018078959,"Medium"
"2016-P","1646",34.6512634865059,"Kitahara, Kazuhiro","Ayagawa","Other","Japan","Nippon Ichi Dodekabocha Taikai",NA,NA,0,0,0,"Wolf",9,15.7175487283387,"Light"
"2018-P","584",967.872656916631,"Jaglarz, Mario","Dietmans 19","Lower Austria","Austria","Europameisterschaft im Kurbiswiegen","1844 Holub","1807 Holub",361.646817311533,1003.40360512875,0,"Autumn Gold",9,439.019652309012,"Heavy"
"2016-P","1553",135.014771361069,"Baresi, Simone","Capriolo","Lombardy","Italy","Festa della zucca di sale",NA,NA,173.568866842591,132.797233470235,3.02691907800281,"Howden",9,61.2416701266755,"Light"
"2017-P","1334",300.952462937287,"Colzani, Enrico","Castelfiorentino","Tuscany","Italy","Campionato dello Zuccone","1199 Squitieri","Open",NA,NA,0,"Big Moose",9,136.509740921061,"Light"
"2018-P","1736",41.988517840248,"Nibu, Tatuki","Shozu","Other","Japan","Nippon Ichi Dodekabocha Taikai",NA,NA,0,0,0,"Big Max",9,19.0456713199454,"Light"
"2013-P","EXH",702.971264217208,"Eichinger, Thomas",NA,"Other","Austria","Austrian Weigh-off","668.9 Kruger","1104 Finders 11",309.649052508538,NA,0,"Autumn Gold",9,318.86240177818,"Medium"
"2016-P","1615",79.4697221760656,"Sasaki, Toshiki","Kuwana, Mie","Other","Japan","Nippon Ichi Dodekabocha Taikai",NA,NA,0,0,0,"Champion",9,36.0468596250831,"Light"
"2021-P","924",493.06432756908,"Aininger, Gerald","Schiltern","Lower Austria","Austria","Austrian Weigh-off",NA,NA,290.124284774719,576.013683699136,NA,"Blue Hubbard",9,223.650216904515,"Medium"
"2018-P","688",807.090827745529,"Joebstl, Horst","Schiltern","Lower Austria","Austria","Austrian Weigh-off","Howell/Jolivette",NA,340.012190527153,832.19750728752,NA,"Wolf",9,366.090241362356,"Heavy"
"2020-P","1182",231.802094608061,"Felderstrasse, Team","Schiltern","Lower Austria","Austria","Retzer Land Weigh-off","Jaglarz",NA,228.485432000003,217.482175636126,3.98912270207333,"Blue Hubbard",9,105.143661464235,"Light"
"2020-P","1338",81.4053430493572,"Okano, Yoshiyuki","Tonosho","Other","Japan","Nippon Ichi Dodekabocha Taikai",NA,NA,0,0,0,"Champion",9,36.924842484421,"Light"
"2020-P","345",1227.32016781572,"Nittnaus, Wolfgang",NA,"Lower Austria","Austria","Leiserberge Weigh-off","1597 Melka","1542 Urena",394.210405468626,1403.94916292357,0,"Autumn Gold",9,556.703063668328,"Heavy"
"2018-P","1259",421.957246504024,"Valeriani, Claudio","Terricciola","Tuscany","Italy","Campionato dello Zuccone","563 Garofano","Open",280.177543976546,601.143405320034,0,"Big Moose",9,191.396587480434,"Medium"
"2018-P","EXH",689.091109913208,"Jaglarz, Mario","Neustift","Styria","Austria","Austrian Weigh-off",NA,"2048 Willemijns",0,0,0,"Blue Hubbard",9,312.566469691462,"Medium"
"2020-P","847",621.103877405441,"Fischer, Cornelia",NA,"Lower Austria","Austria","Austrian Weigh-off","2138 Biermans","self",299.299680721726,570.024255802831,3.92443321319447,"Casper",9,281.727979768524,"Medium"
"2019-P","633",835.767575305103,"Kohl, Beatrice","Riederberg","Vienna","Austria","Tharinger Meisterschaft","1527 Melka","2230 Wallace",341.382541965971,1003.61922288391,0,"Champion",9,379.097795251795,"Heavy"
"2017-P","1190",403.045065874367,"Arrigucci, Gabriele","Lesegno","Piedmont","Italy","Sfida degli Zucconi della Brianza","1111,5 Berard","1297,5 Young",256.739771200062,NA,1.02511888375692,"Big Moose",9,182.81816664676,"Medium"
"2015-P","678",875.910580950465,"Andrea, Anna e Pato, Turmolli","Arezzo","Other","Italy","Festa della zucca di sale",NA,NA,351.273553986293,984.950084847819,0,"Early Giant",9,397.306356321398,"Heavy"
"2018-P","DMG",1759.50847521921,"Buffoli, Tarcisio","Arezzo","Other","Italy","Festa della zucca di sale","2043 clement","sibb",411.289697332375,1494.64272901316,13.735899139804,"Spirit",9,798.099619309767,"Heavy"
"2018-P","773",804.166519501291,"Melka, Friedrich","St. Michael","Carinthia","Austria","Austrian Weigh-off","1527 Melka",NA,345.251214387228,866.546177298815,0,"Autumn Gold",9,364.763797455242,"Heavy"
"2017-P","1512",122.730752577684,"Kloch, Kevin","Neustift","Styria","Austria","Austrian Weigh-off","94,8 Vogl 16",NA,0,0,0,"Early Giant",9,55.6697329335954,"Light"
"2021-P","777",683.886371441244,"Kaar, Gottfried","Kleinhadersdorf","Lower Austria","Austria","Early Weigh-off Ludwigsburg","2139 Skonager 20","2139 Skonager 20",289.152136053416,577.954756926201,7.1466711394187,"Big Moose",9,310.205640032734,"Medium"
"2013-P","1483",84.0521825263349,"Ivan, Bartoli","Trento","Other","Italy","Pesa la Zucca! Foiano",NA,NA,152.145203285194,79.997929364982,0,"Spirit",9,38.1254286757929,"Light"
"2014-P","1538",209.351299207236,"JA Hannantiiki Joseibu",NA,"Other","Japan","Nippon Ichi Dodekabocha Taikai",NA,NA,0,0,0,"Prizewinner",9,94.9601519699893,"Light"
"2016-P","DMG",901.074854093859,"Aininger, Gerald",NA,"Vienna","Austria","Austrian Weigh-off","Harnica",NA,334.677548618689,904.194204314278,0,"Cinderella",9,408.720678615838,"Heavy"
"2013-P","1534",23.3143159072125,"High School, Izumo-Norin",NA,"Other","Japan","Nippon Ichi Dodekabocha Taikai",NA,NA,0,0,0,"Rouge Vif d’Etampes",9,10.5751958072812,"Light"
"2020-P","1077",338.183689127065,"Markl, Michael",NA,"Lower Austria","Austria","Leiserberge Weigh-off",NA,NA,0,0,0,"Connecticut Field",9,153.397541046489,"Light"
"2013-P","382",979.516836949391,"Friedl, Team","Neustift","Styria","Austria","Austrian Weigh-off","934 Schieder 11","sibb",349.826387673882,979.427710061548,4.05874268688859,"Prizewinner",9,444.301363526778,"Heavy"
"2015-P","1381",406.23276373659,"Dorner, Martin",NA,"Other","Austria","Austrian Weigh-off","1751 Lovse 14",NA,0,0,0,"Blue Hubbard",9,184.26408207493,"Medium"
"2021-P","426",1083.25737875487,"Klein, Hubert","Neustift","Styria","Austria","Austrian Weigh-off","2095 Brandt 17",NA,336.30671430686,992.230112909809,13.0999568480583,"Atlantic Giant",9,491.357281749407,"Heavy"
"2016-P","945",699.046886194796,"Boeck, Alexander","Riederberg","Lower Austria","Austria","Austrian Weigh-off","1790 Wallace","self",329.46558403633,774.629335093614,0,"Cinderella",9,317.082333850218,"Medium"
"2014-P","513",946.395336207778,"Ishitoko, Mitsunori","Takahashi","Other","Japan","Nippon Ichi Dodekabocha Taikai",NA,NA,0,0,0,"Wolf",9,429.277703507433,"Heavy"
"2018-P","1049",567.329967980592,"Utunomiya, Hiroyoshi",NA,"Other","Japan","Nippon Ichi Dodekabocha Taikai",NA,NA,0,0,0,"Spirit",9,257.336544748341,"Medium"
"2019-P","1542",165.024868806274,"Tosoni, Matteo","Monteisola","Lombardy","Italy","Sfida degli Zucconi della Brianza","1485,9 Petrelli","Self",188.322896429024,162.168178384572,2.90318429908259,"Howden",9,74.854021350777,"Light"
"2017-P","1556",74.2494065186366,"Nagai, Shigetoshi","Hokuto, Yamanashi","Other","Japan","Nippon Ichi Dodekabocha Taikai",NA,NA,0,0,0,"Prizewinner",9,33.6789642738818,"Light"
"2020-P","847",642.511888329324,"Joebstl, Horst","Wien","Lower Austria","Austria","Austrian Weigh-off","2138 Biermans","self",NA,662.818093799879,4.01157593442485,"Champion",9,291.438490180474,"Medium"
"2017-P","999",631.082833866224,"Garofano, Emanuele","Malonno","Lombardy","Italy","Festa della zucca di sale","Turmolli","Self",NA,642.935649184817,0,"Wolf",9,286.254358279697,"Medium"
"2013-P","1473",104.103038118367,"Turmolli, Andrea, Anna and Pato","Chivasso","Other","Italy","Festa della zucca di sale",NA,NA,NA,112.47883583821,0,"Dill's Atlantic",9,47.2203437843105,"Light"
"2016-P","EXH",640.495443996928,"Markl, Michael","Wien","Lower Austria","Austria","Austrian Weigh-off","1767 Wallace","self",308.677707874139,674.635527383553,0,"Big Moose",9,290.523846416769,"Medium"
"2018-P","998",647.362850425764,"Haindl, Werner",NA,"Lower Austria","Austria","Austrian Weigh-off",NA,NA,0,0,0,"Jack O'Lantern",9,293.638849574578,"Medium"
"2018-P","773",825.457102512575,"Blaimschain, Karl","St. Michael","Carinthia","Austria","Austrian Weigh-off","1527 Melka",NA,330.335968605095,NA,0,"Spirit",9,374.421043462012,"Heavy"
"2016-P","DMG",994.18763593857,"Team, Eichinger",NA,"Vienna","Austria","Austrian Weigh-off","1840 Ghaye",NA,373.348760162146,NA,0,"Autumn Gold",9,450.955926010073,"Heavy"
"2019-P","106",1643.05795787523,"Kittenberger, Christian und Dominik",NA,"Lower Austria","Austria","Austrian Weigh-off","2230 Wallace","2255 Zaychowsky",456.562820453509,1964.95190604143,0,"Casper",9,745.278553159987,"Heavy"
"2014-P","1709",72.7493512684286,"Tada, Tamon","Tonosho","Other","Japan","Nippon Ichi Dodekabocha Taikai",NA,NA,0,0,0,"Atlantic Giant",9,32.998550657809,"Light"
"2018-P","1405",320.742250082759,"Marino, Paoloni",NA,"Other","Italy","Festa della zucca di sale",NA,NA,NA,328.95537544376,0,"Howden",9,145.486237374171,"Light"
"2013-P","225",1137.66464631439,"Sanita, Alessandro","Arezzo","Other","Italy","Festa della zucca di sale","1490 Cutrupi","1420 Cutrupi",379.582904673419,1199.34295451366,0,"Dill's Atlantic",9,516.036003186958,"Heavy"
"2021-P","643",741.556252102014,"Klein, Hubert","Schiltern","Lower Austria","Austria","Leiserberge Weigh-off","1396 Melka","1067 Joebstl",348.664968151585,886.060127106391,0,"Casper",9,336.36425787927,"Medium"
"2014-P","1538",202.849832438765,"Okano, Yoshiyuki","Nishiwaki","Other","Japan","Nippon Ichi Dodekabocha Taikai",NA,NA,0,0,0,"Connecticut Field",9,92.0111362500023,"Light"
"2019-P","1359",264.556392615622,"Riepl, Franz","Waidhofen/Thaya","Lower Austria","Austria","Gartenbauschule Langenlois","Blaimschein 2017",NA,215.959083254522,275.926157754383,0,"Connecticut Field",9,120.000761125171,"Light"
"2019-P","622",890.61751803203,"Joebstl, Horst",NA,"Upper Austria","Austria","Leiserberge Weigh-off","1807 Holub","877 Hunt",351.587491086577,955.020678694164,0,"Spirit",9,403.977310767666,"Heavy"
"2020-P","308",1327.58367793389,"Bleimschein, Karl",NA,"Styria","Austria","Leiserberge Weigh-off","1594 Johnston-Butler","2138 Biermans",411.673566225214,1320.20996945682,0,"Wolf",9,602.181826847351,"Heavy"
"2019-P","1161",406.229701060718,"Turmolli, Andrea, Anna and Pato",NA,"Lombardy","Italy","Sfida degli Zucconi della Brianza","1742,8 Vanheuckelom","Self",NA,420.23489445137,2.05262088730341,"Blue Hubbard",9,184.262692868523,"Medium"
"2020-P","392",1082.43260544632,"Cardini, Giovanni","Sirtori","Lombardy","Italy","Sfida degli Zucconi della Brianza","1997,4 BOONEN HERMAN","self",367.99126648305,1229.27903121453,0,"Casper",9,490.983170869669,"Heavy"
"2015-P","1721",107.261213333033,"Giuseppina, Monceri","Lumezzane","Other","Italy","Festa della zucca di sale",NA,NA,0,0,0,"Atlantic Giant",9,48.6528679648058,"Light"
"2013-P","342",1030.91007395556,"Stefano, Musso",NA,"Other","Italy","Festa della zucca di sale","1495 steels","1789 Wallace",354.64228238789,906.768394611675,13.52478965331,"Spirit",9,467.612943702379,"Heavy"
"2017-P","619",831.072070712914,"Hanai, Tamekazu","Kisomisaki","Other","Japan","Nippon Ichi Dodekabocha Taikai",NA,NA,0,0,0,"Jack O'Lantern",9,376.967950195478,"Heavy"
"2016-P","1054",574.026978834716,"Klein, Hubert",NA,"Lower Austria","Austria","Austrian Weigh-off","1312 Ford Butler",NA,295.398673097773,676.43695869872,0,"Big Moose",9,260.374257773579,"Medium"
"2018-P","896",762.511667504851,"Schoffnegger, Armin","Dietersdorf","Lower Austria","Austria","Austrian Weigh-off",NA,NA,340.84735056814,924.468790696433,0,"Howden",9,345.869474416177,"Medium"
"2019-P","1650",80.3825533678315,"Tosoni, Matteo","Pietraia di Cortona","Tuscany","Italy","Pesa la Zucca! Foiano",NA,NA,NA,68.0096499663572,NA,"Atlantic Giant",9,36.4609128887662,"Light"
"2018-P","1099",589.571003242119,"Langenlois, Gartenbauschule","Eggendorf","Lower Austria","Austria","Austrian Weigh-off","1720 THW 17",NA,0,0,0,"Rouge Vif d’Etampes",9,267.42490864387,"Medium"
"2019-P","1699",49.4857913598021,"Sasaki, Toshiki","Tonosho","Other","Japan","Nippon Ichi Dodekabocha Taikai",NA,NA,0,0,0,"Dill's Atlantic",9,22.4463773842182,"Light"
"2018-P","998",640.64234373598,"Melka, Friedrich","Berndorf","Lower Austria","Austria","Austrian Weigh-off","1080.9 Melka","sibb",NA,0,0,"Big Max",9,290.590479017558,"Medium"
"2017-P","587",938.595254494562,"Okuda, Takefumi","Nagano","Other","Japan","Nippon Ichi Dodekabocha Taikai",NA,NA,0,0,0,"Connecticut Field",9,425.739645956942,"Heavy"
"2020-P","59",1862.77945469033,"Asta, Carmelo","Pontedera","Tuscany","Italy","Sfida degli Zucconi della Brianza",NA,"self",426.659729663467,1570.1308181536,8.1584922625396,"Big Moose",9,844.942547640294,"Heavy"
"2019-P","1626",91.8776143360839,"Hayashi, Junko","Higasine","Other","Japan","Nippon Ichi Dodekabocha Taikai",NA,NA,0,0,0,"Autumn Gold",9,41.6749848366503,"Light"
"2020-P","EXH",153.658278364196,"ivan, bartoli","Casatenovo","Lombardy","Italy","Sfida degli Zucconi della Brianza",NA,NA,NA,147.725347840902,5.19221648999051,"Howden",9,69.6982226533352,"Light"
"2017-P","1526",110.277264412743,"Itou, Nobuyoshi",NA,"Other","Japan","Nippon Ichi Dodekabocha Taikai",NA,NA,0,0,0,"Dill's Atlantic",9,50.0209257220926,"Light"
"2017-P","1184",441.805069091624,"Aininger, Marco",NA,"Lower Austria","Austria","Austrian Weigh-off","Blaimschein 14",NA,0,0,0,"Atlantic Giant",9,200.399408367283,"Medium"
"2014-P","930",689.775339578065,"Ilio, Paoloni","Arezzo","Other","Italy","Festa della zucca di sale",NA,NA,341.198068917131,753.15681170041,0,"Big Moose",9,312.876831046769,"Medium"
"2014-P","1237",410.84344012927,"Mariarosa, Buffoli","Dogliani","Other","Italy","Pesa la Zucca! Foiano",NA,NA,261.466101979731,454.54787126797,0,"Howden",9,186.355449707189,"Medium"
"2014-P","1280",396.901908430469,"Gobbi, Alessio",NA,"Other","Italy","Festa della zucca di sale",NA,NA,254.950457329445,397.021565515415,0,"Wolf",9,180.031677302499,"Light"
"2019-P","785",733.264350030979,"Melka, Friedrich","Kleinhadersdorf","Lower Austria","Austria","Austrian Weigh-off",NA,NA,323.637025600825,711.323154085125,1.04289067012894,"Howden",9,332.603114367061,"Medium"
"2018-P","887",664.583943048932,"Tosoni, Matteo","Calcio","Lombardy","Italy","Festa della zucca di sale",NA,NA,320.521452780191,765.530254614076,0,"Connecticut Field",9,301.45020579151,"Medium"
"2018-P","551",1037.97515907654,"Moretti, Sergio","Calcio","Lombardy","Italy","Sfida degli Zucconi della Brianza","2269 Paton","1749 Daletas",343.937327024937,963.980465045501,5.21238564444385,"Champion",9,470.817612406656,"Heavy"
"2014-P","346",1146.77053162874,"Team Maggioni","Arezzo","Other","Italy","Pesa la Zucca! Foiano","2032 Mathison",NA,388.952175531997,1345.80184338329,0,"Champion",9,520.166363287641,"Heavy"
"2017-P","1016",564.217023439795,"Rosati, Loris","Chiari","Lombardy","Italy","Sfida degli Zucconi della Brianza","502 Turmolli","Self",288.202356678189,566.188463877707,0,"Autumn Gold",9,255.924536856402,"Medium"
"2014-P","1347",339.801488744728,"Melka, Friedrich",NA,"Other","Austria","Austrian Weigh-off",NA,NA,0,NA,NA,"Autumn Gold",9,154.131362609249,"Light"
"2018-P","1704",68.2156335137923,"High School, Izumo-Norin","Shozu, Kagawa","Other","Japan","Nippon Ichi Dodekabocha Taikai",NA,NA,NA,0,0,"Atlantic Giant",9,30.9420908765725,"Light"
"2019-P","1554",155.827202166996,"Reischer, JZB Kindergruppe","St. Michael","Carinthia","Austria","Austrian Weigh-off","1524,8 Melka","self",192.439439817973,152.565311652392,0,"Blue Hubbard",9,70.6820299413967,"Light"
"2018-P","1704",71.6215448214232,"Sasaki, Toshiki","Seiyo","Other","Japan","Nippon Ichi Dodekabocha Taikai",NA,NA,0,0,0,"Connecticut Field",9,32.4869862586106,"Light"
"2018-P","EXH",678.207614153029,"Team, Gemeinde Tulln","Neustift","Styria","Austria","Austrian Weigh-off","918 Schieder","2048 Willemijns",0,NA,0,"Champion",9,307.629799055718,"Medium"
"2013-P","1377",150.386065130047,"Giustarini, Vinicio","Corazzano","Other","Italy","Campionato dello Zuccone","899 Cutrupi","Open",NA,0,NA,"Atlantic Giant",9,68.2139716973125,"Light"
"2013-P","212",1147.09843813709,"Hoefler, Norbert",NA,"Other","Austria","Austrian Weigh-off","934 Schieder 11","self",387.633668372094,1198.56966310952,0,"Rouge Vif d’Etampes",9,520.315099177899,"Heavy"
"2019-P","1707",39.5112397143085,"Nagashimo, Takeitiro","Shodoshima","Other","Japan","Nippon Ichi Dodekabocha Taikai",NA,NA,NA,0,0,"Blue Hubbard",9,17.9219968636513,"Light"
"2019-P","1359",282.27778974562,"Kinast, Berhard","Leitzersdorf","Lower Austria","Austria","Gartenbauschule Langenlois","Blaimschein 2017",NA,213.449997438378,272.908999674021,0,"Rouge Vif d’Etampes",9,128.039051649077,"Light"
"2021-P","EXH",303.027453397991,"Klein, Hubert",NA,"Lower Austria","Austria","Austrian Weigh-off","Biermanns",NA,249.726676288016,349.573753782965,NA,"Atlantic Giant",9,137.450940761859,"Light"
"2014-P","259",1204.99804943039,"Romoli, Giorgia Syria","Arezzo","Other","Italy","Campionato dello Zuccone","1382 Cutrupi","600 Lizzi",365.927571356296,1170.09656406174,9.12256858166723,"Casper",9,546.577921086506,"Heavy"
"2016-P","1054",600.033410526258,"Mathias, Franz","Baerndorf","Lower Austria","Austria","Austrian Weigh-off","1312 Ford Butler",NA,303.636324498126,695.138846904671,0,"Howden",9,272.170576759788,"Medium"
"2019-P","1701",43.3802236807568,"Sasaki, Toshiki","Kasugai-shi","Other","Japan","Nippon Ichi Dodekabocha Taikai",NA,NA,0,0,0,"Prizewinner",9,19.6769384704846,"Light"
"2018-P","1653",111.327307683275,"Niccolai, Giacomo","Cremnago di Inverigo","Lombardy","Italy","Festa della zucca di sale",NA,NA,159.211005594495,113.450264736402,10.3582153555578,"Jack O'Lantern",9,50.4972173377759,"Light"
"2014-P","1486",232.721442556292,"Spreafico, Luca","Arezzo","Other","Italy","Campionato dello Zuccone","952 Bartoli",NA,221.000069458698,260.900481087622,0,"Big Moose",9,105.560670678927,"Light"
"2019-P","EXH",286.609591284586,"Zwillinge, Schodl","Kleinhadersdorf","Lower Austria","Austria","Austrian Weigh-off","Karkos 2018",NA,228.881916730906,293.86150343606,2.98265551787199,"Wolf",9,130.003923775507,"Light"
"2014-P","841",697.334631445295,"Andrea, Anna e Pato, Turmolli",NA,"Other","Italy","Campionato dello Zuccone","1382 Cutrupi","Self",310.237001696638,NA,2.00274180554467,"Big Moose",9,316.305668160348,"Medium"
"2019-P","1383",272.861669791019,"Jaglarz, Mario","Riederberg","Lower Austria","Austria","Leiserberge Weigh-off",NA,NA,NA,0,0,"Early Giant",9,123.767971482666,"Light"
"2020-P","EXH",188.728399810367,"Schoys, Zita",NA,"Lower Austria","Austria","Austrian Weigh-off","Kurzreiter",NA,217.987984514765,288.107250586282,0,"Howden",9,85.605762156292,"Light"
"2014-P","1190",444.362022625819,"Tiezzi, Mauro",NA,"Other","Italy","Pesa la Zucca! Foiano",NA,NA,273.569820351138,501.161573876799,0,"Atlantic Giant",9,201.559222980839,"Medium"
"2019-P","1485",206.30331903939,"Iguchi, Hidetoshi","Kanonji","Other","Japan","Nippon Ichi Dodekabocha Taikai",NA,NA,0,0,0,"Wolf",9,93.5776114219429,"Light"
"2017-P","1472",171.630577134744,"Salvagni, Augusto","Cremnago di Inverigo","Lombardy","Italy","Festa della zucca di sale","Unknow","Unknow",193.215331515627,175.989486528748,0.991257482373314,"Champion",9,77.8503202470162,"Light"
"2018-P","1049",623.740875580743,"Kinoshita, Akiko","Shozu, Kagawa","Other","Japan","Nippon Ichi Dodekabocha Taikai",NA,NA,0,0,0,"Wolf",9,282.924102020545,"Medium"
"2020-P","200",1488.36657832965,"Martin, Lacina","Tulln","Lower Austria","Austria","Leiserberge Weigh-off","2016.6 Boonen 2017","2226.7 DMGBoonenHerman 2018",418.633392136351,1608.86861689345,0,"Jack O'Lantern",9,675.111723693335,"Heavy"
"2020-P","1071",381.042268724131,"Chiti, Davide","Sirtori","Lombardy","Italy","Sfida Nazionale della Zucca - Club Maspiano","1132 Gregori","Open",252.501331980027,376.42843872955,0,"Early Giant",9,172.837865740755,"Light"
"2017-P","1567",67.6570084206563,"Cutrupi, Stefano","Capri","Campania","Italy","Pesa la Zucca! Foiano",NA,NA,154.289010165671,83.063604661896,0,"Early Giant",9,30.6887027966354,"Light"
"2017-P","1184",440.923377128502,"Schoeffneger, Armin","Tulln","Lower Austria","Austria","Austrian Weigh-off","Blaimschein 14",NA,NA,0,0,"Atlantic Giant",9,199.999479620121,"Medium"
"2021-P","1332",74.3750445100899,"Topini, Giuseppe","Novellara","Emilia-Romagna","Italy","Campionato dello Zuccone",NA,NA,155.407770539723,NA,0,"Rouge Vif d’Etampes",9,33.7359527081872,"Light"
"2018-P","395",1146.59380518069,"Cutrupi, Stefano","Rimini","Emilia-Romagna","Italy","Campionato dello Zuccone","2269 Paton",NA,364.986450069311,1067.75949494565,9.00212774191538,"Howden",9,520.086201519228,"Heavy"
"2019-P","1719",25.7230418002925,"Mathias, Franz","TUlln","Lower Austria","Austria","Leiserberge Weigh-off",NA,NA,0,0,0,"Champion",9,11.6677754938038,"Light"
"2017-P","1113",482.766635427353,"Tarcisio, Buffoli","Cremnago di Inverigo","Lombardy","Italy","Festa della zucca di sale","Vnderwiellen 2004","unknow",287.413573530179,578.745103947673,0,"Cinderella",9,218.979262320419,"Medium"
"2018-P","1745",27.625315384326,"Yada, Kazuyo","Ishii","Other","Japan","Nippon Ichi Dodekabocha Taikai",NA,NA,0,0,0,"Rouge Vif d’Etampes",9,12.5306322771739,"Light"
"2020-P","913",588.963887134938,"Piero, Cassioli","Castelfiorentino","Tuscany","Italy","Pesa la Zucca! Foiano",NA,NA,283.622678730873,543.572161618852,10.0796917166785,"Howden",9,267.149525409949,"Medium"
"2020-P","1213",214.322303658497,"Shiratori, Kazuyuki","Shozu","Other","Japan","Nippon Ichi Dodekabocha Taikai",NA,NA,0,0,0,"Big Moose",9,97.2149616603172,"Light"
"2016-P","1653",23.7557820184234,"Sugita, Makoto","Shozu","Other","Japan","Nippon Ichi Dodekabocha Taikai",NA,NA,0,0,0,"Connecticut Field",9,10.7754414669401,"Light"
"2021-P","1240",163.357678481338,"Tosoni, Matteo","Iseo","Lombardy","Italy","Sfida Nazionale della Zucca - Club Maspiano","BARESI",NA,201.20610309098,173.625109537729,0,"Cinderella",9,74.0977965400482,"Light"
"2020-P","EXH",192.646433058853,"Sartini, Gabriele","Foiano della Chiana","Tuscany","Italy","Pesa la Zucca! Foiano",NA,NA,182.013836369559,190.341089484123,10.9774793811349,"Rouge Vif d’Etampes",9,87.3829521432116,"Light"
"2020-P","1121",327.375383957376,"Kitahara, Kazuhiro","Kyotango, Kyoto","Other","Japan","Nippon Ichi Dodekabocha Taikai",NA,NA,0,0,0,"Casper",9,148.494976288886,"Light"
"2020-P","578",896.037735769372,"Priglhofer, Wolfgang","Baerndorf","Lower Austria","Austria","Leiserberge Weigh-off","1527 Melka",NA,350.309195127093,NA,0,"Jack O'Lantern",9,406.435880177063,"Heavy"
"2016-P","EXH",400.838096342152,"Rosi, Silvano","Radda in Chianti","Tuscany","Italy","Campionato dello Zuccone",NA,NA,260.39005987018,397.718648206225,0,"Spirit",9,181.817102106125,"Medium"
"2015-P","1570",234.672528594883,"Kuroda, Takahito","Shizuoka","Other","Japan","Nippon Ichi Dodekabocha Taikai",NA,NA,0,0,0,"Jack O'Lantern",9,106.445668419246,"Light"
"2013-P","73",1412.46787793659,"Zucchelli, Michael","S.Marco d'Alunzio","Other","Italy","Festa della zucca di sale","1421 Stelt","1789 Wallace",422.736308705871,1465.90931945543,1.01238173958274,"Howden",9,640.684652302128,"Heavy"
"2015-P","1782",42.3586686883311,"Watanabe, Osamu","Shozu, Kagawa","Other","Japan","Nippon Ichi Dodekabocha Taikai",NA,NA,0,0,0,"Howden",9,19.2135689203849,"Light"
"2016-P","EXH",640.23590033118,"Kurzreiter, Lukas","Baerndorf","Lower Austria","Austria","Austrian Weigh-off","1767 Wallace","self",310.357400379,641.394308563601,0,"Spirit",9,290.406119390304,"Medium"
"2014-P","1622",149.775826018831,"Yada, Tsunehisa","Shodoshima","Other","Japan","Nippon Ichi Dodekabocha Taikai",NA,NA,0,NA,0,"Connecticut Field",9,67.9371718925894,"Light"
"2015-P","1024",648.803319043932,"Nibu, Hisao","Hokuto","Other","Japan","Nippon Ichi Dodekabocha Taikai",NA,NA,0,0,0,"Early Giant",9,294.292235149003,"Medium"
"2013-P","963",444.076298578888,"Aininger, Gerald","Riederberg","Lower Austria","Austria","Austrian Weigh-off",NA,NA,0,0,0,"Dill's Atlantic",9,201.429620733226,"Medium"
"2019-P","633",893.769468002206,"Team Toellergasse",NA,"Vienna","Austria","Tharinger Meisterschaft","1527 Melka","2230 Wallace",346.006636896179,1002.27936279704,0,"Champion",9,405.40701122476,"Heavy"
"2021-P","1349",52.8228656147724,"Stefano, Tosi","Marone","Lombardy","Italy","Sfida Nazionale della Zucca - Club Maspiano","x","x",0,0,0,"Casper",9,23.9600488043961,"Light"
"2015-P","1744",87.601890399898,"Menicucci, Alfredo",NA,"Other","Italy","Festa della zucca di sale",NA,NA,158.966269916011,104.31797880978,0,"Big Max",9,39.73554908297,"Light"
"2020-P","1073",358.25698476892,"Melka, Friedrich","Tulln","Lower Austria","Austria","Austrian Weigh-off",NA,NA,248.090264690621,343.322000591933,0.994887382253087,"Blue Hubbard",9,162.502634790388,"Light"
"2015-P","1386",439.066227213059,"Turla, Antonio",NA,"Other","Italy","Pesa la Zucca! Foiano",NA,NA,NA,426.10035618788,0,"Casper",9,199.15709058853,"Medium"
"2018-P","746",834.110792464934,"Kuzunishi, Takamichi","Kamogawa","Other","Japan","Nippon Ichi Dodekabocha Taikai",NA,NA,0,0,0,"Champion",9,378.346291196748,"Heavy"
"2013-P","1483",90.6794408904786,"Tarcisio, Buffoli","Arezzo","Other","Italy","Pesa la Zucca! Foiano",NA,NA,156.332824922331,99.4349520146979,0,"Spirit",9,41.1315025037871,"Light"
"2015-P","1682",145.828318651177,"Iguchi, Hidetosho","Akune","Other","Japan","Nippon Ichi Dodekabocha Taikai",NA,NA,0,0,0,"Cinderella",9,66.1466126701027,"Light"
"2013-P","1535",22.6905295724086,"Takahashi, Masahiro","Tonosho","Other","Japan","Nippon Ichi Dodekabocha Taikai",NA,NA,0,0,0,"Autumn Gold",9,10.2922510853039,"Light"
"2020-P","453",994.961909500424,"Schodl, Zwillinge",NA,"Vienna","Austria","Tharinger Meisterschaft","1606 Mogas","1527 Melka",359.548469388148,1051.21330090166,0,"Atlantic Giant",9,451.307130590023,"Heavy"
"2013-P","1138",360.404212784106,"Misono, Takashi","Noda","Other","Japan","Nippon Ichi Dodekabocha Taikai",NA,NA,NA,0,NA,"Spirit",9,163.476601034727,"Light"
"2016-P","305",1265.37063474501,"Petrelli, Team","Lesmo","Lombardy","Italy","Festa della zucca di sale","2185 brandt","1521 cutrupi",385.761482504994,1274.16095273319,2.06499545526591,"Dill's Atlantic",9,573.962465142393,"Heavy"
"2021-P","643",830.112706591944,"Buechele, Franz",NA,"Lower Austria","Austria","Leiserberge Weigh-off","1396 Melka","1067 Joebstl",NA,872.87590126077,0,"Autumn Gold",9,376.532789950154,"Heavy"
"2014-P","1348",385.711379661794,"Kuroda, Takahito","Sayo","Other","Japan","Nippon Ichi Dodekabocha Taikai",NA,NA,0,0,NA,"Howden",9,174.955738836763,"Light"
"2016-P","1553",144.817239745252,"Joebstl, Horst","Bad Voeslau","Lower Austria","Austria","Austrian Weigh-off","150,1 ThumfortM 15","78 ThumfortD 15",0,0,NA,"Wolf",9,65.6879949929071,"Light"
"2019-P","1673",70.928829434065,"Hamanaka, Norihito","Kamogawa","Other","Japan","Nippon Ichi Dodekabocha Taikai",NA,NA,0,0,NA,"Howden",9,32.1727758443233,"Light"
"2014-P","910",647.003746339231,"Team, Bauhof Tulln","St. Margarethen","Carinthia","Austria","Austrian Weigh-off",NA,NA,310.396206323811,703.714158504803,0,"Rouge Vif d’Etampes",9,293.47596270089,"Medium"
"2017-P","660",854.145142851201,"Oka, Tadaichi","Shozu, Kagawa","Other","Japan","Nippon Ichi Dodekabocha Taikai",NA,NA,0,0,0,"Big Max",9,387.433719669865,"Heavy"
"2015-P","689",908.042244665702,"Battista, Gregori","Goito","Lombardy","Italy","Pesa la Zucca! Foiano",NA,NA,371.012755033068,867.057935475149,0,"Big Max",9,411.881033818036,"Heavy"
"2017-P","143",1465.63937761091,"Buechinger, Michael",NA,"Lower Austria","Austria","Austrian Weigh-off","2230 Wallace","2095 Willemijns",409.148980656907,1600.17808732018,0,"Atlantic Giant",9,664.802838855856,"Heavy"
"2021-P","154",1573.0222234366,"Topini, Cinzia","Casatenovo","Lombardy","Italy","Sfida degli Zucconi della Brianza","2158 Paton","2158 Paton",408.716721146612,1448.70089060762,6.07187502134926,"Casper",9,713.510878391278,"Heavy"
"2017-P","629",925.30500955028,"Turmolli, Andrea",NA,"Other","Italy","Pesa la Zucca! Foiano",NA,NA,363.530445314106,985.97124940526,0,"Dill's Atlantic",9,419.711292254784,"Heavy"
"2018-P","1736",40.5906324451244,"Mochizuki, Yasutoshi","Shozu","Other","Japan","Nippon Ichi Dodekabocha Taikai",NA,NA,0,0,0,"Dill's Atlantic",9,18.4116011705829,"Light"
"2013-P","1473",107.332003937968,"Stefano, Tosi","Dogliani","Other","Italy","Festa della zucca di sale",NA,NA,168.527040159151,114.558680959981,0,"Autumn Gold",9,48.6849780430723,"Light"
"2016-P","771",905.76670354557,"Giozet, Gabriele","Sirtori","Lombardy","Italy","Campionato dello Zuccone","1866 Cutrupi","self",358.481486290471,952.670306552793,0,"Rouge Vif d’Etampes",9,410.848865728322,"Heavy"
"2019-P","1722",26.013109475588,"Eichinger, Thomas","Waidhofen/Thaya","Lower Austria","Austria","Leiserberge Weigh-off",NA,NA,0,0,0,"Rouge Vif d’Etampes",9,11.7993479781014,"Light"
"2017-P","714",861.569799620959,"Fellner, Herbert","Syring","Lower Austria","Austria","Austrian Weigh-off","Mathias 16",NA,356.348480916118,938.502383912176,0,"Big Max",9,390.801487330496,"Heavy"
"2014-P","1626",141.948302534973,"Woeber, Franz",NA,"Other","Austria","Austrian Weigh-off",NA,NA,0,0,0,"Big Moose",9,64.3866669643156,"Light"
"2017-P","756",822.834121751448,"Rosadini, Angiolo","Calcio","Lombardy","Italy","Sfida degli Zucconi della Brianza","1969 Haist","1623,5 Wallace",307.633703301597,612.580901339268,25.0204005110446,"Jack O'Lantern",9,373.231279402108,"Heavy"
"2019-P","1076",493.617532363594,"Colzani, Enrico","Castelfiorentio","Tuscany","Italy","Pesa la Zucca! Foiano",NA,NA,292.529784060642,560.098797954557,0,"Big Max",9,223.901146378354,"Medium"
"2013-P","EXH",711.547390226366,"Nittnaus, Wolfgang",NA,"Styria","Austria","Austrian Weigh-off","934 Schieder 11","sibb",0,0,0,"Early Giant",9,322.752467100092,"Medium"
"2014-P","1433",304.582788088657,"Team, Jugendzentrum Berndorf",NA,"Lower Austria","Austria","Austrian Weigh-off","1177 Horde",NA,0,0,0,"Prizewinner",9,138.156428710342,"Light"
"2014-P","1591",151.293907894277,"Dusan, Giorgio",NA,"Other","Italy","Campionato dello Zuccone","952 Bartoli","Open",186.680657292982,184.700366520224,NA,"Early Giant",9,68.625762248327,"Light"
"2019-P","881",684.90804531615,"Schieder, Christoph",NA,"Lower Austria","Austria","Austrian Weigh-off","2043 Clementz","1527.5 Melka",317.814632085739,725.277399472888,0,"Autumn Gold",9,310.66906350702,"Medium"
"2015-P","1576",245.638214547241,"Andrea, Anna e Pato, Turmolli",NA,"Other","Italy","Campionato dello Zuccone",NA,"Open",227.651842520347,242.948987910695,0,"Early Giant",9,111.419619899052,"Light"
"2017-P","1583",29.8127512014303,"Miki, Susumu","Nagano","Other","Japan","Nippon Ichi Dodekabocha Taikai",NA,NA,0,0,0,"Connecticut Field",9,13.5228364736771,"Light"
"2018-P","569",1043.1505651588,"Falconcini, Sirio","Viarigi","Piedmont","Italy","Sfida degli Zucconi della Brianza","1761,5 Cutrupi","self",370.72168551249,1130.32463474487,0,"Jack O'Lantern",9,473.16513711722,"Heavy"
"2013-P","97",1391.8322888819,"Bracchi, Rosangela","Ribolla","Tuscany","Italy","Campionato dello Zuccone","1420 Cutrupi","1789 Wallace",373.029761369237,1179.48551479693,9.2248026029989,"Autumn Gold",9,631.324506556466,"Heavy"
"2018-P","223",1302.03157596638,"Giustarini, Vinicio",NA,"Lombardy","Italy","Sfida degli Zucconi della Brianza","1928 Daletas","1810 Werner",NA,1223.2548722014,0.984590537919453,"Atlantic Giant",9,590.591588357426,"Heavy"
"2020-P","1379",39.6763455390388,"Hayashi, Kishio","Kuwana, Mie","Other","Japan","Nippon Ichi Dodekabocha Taikai",NA,NA,0,0,0,"Jack O'Lantern",9,17.9968876059916,"Light"
"2014-P","1085",550.350437733322,"Bontempi, Emanuela","Castelfiorentino","Other","Italy","Pesa la Zucca! Foiano",NA,NA,280.307939275752,554.426894461074,0,"Howden",9,249.634759381995,"Medium"
"2021-P","494",1031.4376707259,"Falconcini, Sirio","Novellara","Emilia-Romagna","Italy","Campionato dello Zuccone",NA,NA,NA,924.614488685139,13.3368720520685,"Dill's Atlantic",9,467.852257571841,"Heavy"
"2016-P","371",1170.73661906116,"emidio, boioni","Pietravairano","Campania","Italy","Campionato dello Zuccone","1861 Cutrupi","1985 Miller",345.736767227334,1148.85514547508,NA,"Cinderella",9,531.037197685738,"Heavy"
"2015-P","1754",84.6465657460422,"Uematsu, Nobuyuki","Marugame","Other","Japan","Nippon Ichi Dodekabocha Taikai",NA,NA,0,0,0,"Dill's Atlantic",9,38.3950363691081,"Light"
"2018-P","116",1529.02832523334,"Prandi, Giuseppe","Calcio","Lombardy","Italy","Festa della zucca di sale","1625 gartner","1625 gartner",390.192076033277,1312.9002984977,NA,"Wolf",9,693.555581839723,"Heavy"
"2018-P","1700",66.6355597166996,"High School No 1, Nogyokeiei","Higasine","Other","Japan","Nippon Ichi Dodekabocha Taikai",NA,NA,0,0,0,"Big Max",9,30.2253814581743,"Light"
"2021-P","1233",177.682112776449,"Pfoser, Thomas","Tulln","Lower Austria","Austria","Austrian Weigh-off","Dorner 20",NA,186.516253382624,136.179379334666,21.2059390633576,"Howden",9,80.595250640877,"Light"
"2017-P","1164",447.522121509809,"Mizutani, Syouiti","Hokuto","Other","Japan","Nippon Ichi Dodekabocha Taikai",NA,NA,0,0,0,"Atlantic Giant",9,202.992619723062,"Medium"
"2019-P","EXH",769.632495189389,"Aininger, Gerald","Walperbach","Lower Austria","Austria","Gartenbauschule Langenlois","2255 Zachowsky","2230 Wallace",328.535664096777,762.526841675021,0,"Jack O'Lantern",9,349.099427521969,"Medium"
"2013-P","545",885.921287026537,"Morettini, Roberto",NA,"Other","Italy","Campionato dello Zuccone","899 Cutrupi","Open",337.811332041242,927.32042483202,0,"Atlantic Giant",9,401.847136215817,"Heavy"
"2021-P","501",963.812982334522,"Zucchelli, Michael","Calcio","Lombardy","Italy","Sfida degli Zucconi della Brianza","2012.8 Salvagni '18","Self",378.182326489667,1140.87266747996,0,"Champion",9,437.178214893884,"Heavy"
"2021-P","1293",101.927414541741,"Melka, Friedrich","Ernstbrunn","Lower Austria","Austria","Austrian Weigh-off",NA,NA,159.676663735501,112.593954734071,0,"Spirit",9,46.233497529961,"Light"
"2020-P","1351",69.8195524987406,"Kitahara, Kazuhiro","Marugame, Kagawa","Other","Japan","Nippon Ichi Dodekabocha Taikai",NA,NA,0,0,0,"Wolf",9,31.6696162902432,"Light"
"2018-P","832",769.938052809718,"Takayama, Itsuo","Kyotango, Kyoto","Other","Japan","Nippon Ichi Dodekabocha Taikai",NA,NA,0,0,0,"Autumn Gold",9,349.238026127145,"Medium"
"2015-P","335",1171.56009308456,"High School, Izumo-Norin","Tonosho","Other","Japan","Nippon Ichi Dodekabocha Taikai",NA,NA,0,NA,0,"Autumn Gold",9,531.410719219648,"Heavy"
"2020-P","1190",256.35278809801,"Melka, Friedrich","Retz","Lower Austria","Austria","Retzer Land Weigh-off",NA,NA,226.429961066567,267.73589118888,0,"Howden",9,116.279668709484,"Light"
"2015-P","1655",167.113029250563,"Akatani, Hiroshi","Shozu","Other","Japan","Nippon Ichi Dodekabocha Taikai",NA,NA,NA,0,0,"Cinderella",9,75.801194995642,"Light"
"2020-P","1267",158.335617814008,"Thumfort, Mark","Kleinhadersdorf","Lower Austria","Austria","Leiserberge Weigh-off","487 Jaglarz 19",NA,0,0,0,"Champion",9,71.8198281396701,"Light"
"2017-P","1566",66.6608929312063,"Yada, Izumi","Ishii","Other","Japan","Nippon Ichi Dodekabocha Taikai",NA,NA,0,0,0,"Howden",9,30.2368724109821,"Light"
"2013-P","841",594.13618917251,"Fantoni, Marco",NA,"Other","Italy","Pesa la Zucca! Foiano",NA,NA,285.328271256851,NA,8.01956650285608,"Casper",9,269.495642149527,"Medium"
"2019-P","1664",75.2819771648772,"Shirakura, Kazutami","Shodoshima","Other","Japan","Nippon Ichi Dodekabocha Taikai",NA,NA,0,0,0,"Big Moose",9,34.1473304405026,"Light"
"2014-P","1486",261.045528415559,"Mori, Flli.","Trento","Other","Italy","Pesa la Zucca! Foiano",NA,NA,226.260518422699,259.164351546497,3.07337319925526,"Connecticut Field",9,118.408259911916,"Light"
"2018-P","1741",34.1546651663346,"koko 1, Izumonorin","Kisomisaki","Other","Japan","Nippon Ichi Dodekabocha Taikai",NA,NA,0,0,NA,"Dill's Atlantic",9,15.4922955193542,"Light"
"2013-P","1269",240.830385602012,"Fellner, Herbert",NA,"Other","Austria","Austrian Weigh-off",NA,NA,NA,0,0,"Autumn Gold",9,109.238825373231,"Light"
"2017-P","1334",288.381821776767,"Lizzi, Denis","Lamporecchio","Tuscany","Italy","Campionato dello Zuccone","1199 Squitieri","Open",254.381931485621,345.401214678653,0,"Jack O'Lantern",9,130.807794004641,"Light"
"2016-P","689",934.921688704875,"Vasco,agnelli","Goito","Lombardy","Italy","Festa della zucca di sale","2145 mcmullen","2230 wallace",339.464642889083,852.031653665789,7.26721584386739,"Spirit",9,424.073344544046,"Heavy"
"2020-P","587",874.795408474269,"Team, Bauhof Tulln",NA,"Lower Austria","Austria","Austrian Weigh-off","2138 Biermans",NA,325.401442898263,884.424921369565,0.969860774663869,"Champion",9,396.800522594962,"Heavy"
"2013-P","1529",36.6514858450975,"Tanabe, Noriaki","Shozu","Other","Japan","Nippon Ichi Dodekabocha Taikai",NA,NA,0,0,0,"Big Moose",9,16.6248343284992,"Light"
"2017-P","EXH",1199.22195005752,"Corsini, Sandra",NA,"Lombardy","Italy","Sfida degli Zucconi della Brianza","2095 Willemijns","2145 McMullen",368.50517994765,NA,2.96730500737177,"Atlantic Giant",9,543.957926482612,"Heavy"
"2017-P","53",1903.39023243085,"Migliorini, Roberto","Radda in Chianti","Tuscany","Italy","Campionato dello Zuccone","2145 McMullen","Self",443.324962487697,1743.22995853637,4.83859686816369,"Early Giant",9,863.36328656316,"Heavy"
"2020-P","1324",99.1242978769396,"Kurzreiter, Lukas","Nonndorf","Lower Austria","Austria","Retzer Land Weigh-off","Jaglarz",NA,0,0,0,"Howden",9,44.962025198587,"Light"
"2013-P","1517",51.7203987493705,"Successor Club 2, Ishii Town Agricultural","Izumo","Other","Japan","Nippon Ichi Dodekabocha Taikai",NA,NA,0,0,0,"Spirit",9,23.459978246072,"Light"
"2019-P","990",569.823677430167,"Tada, Tamon","Tonosho","Other","Japan","Nippon Ichi Dodekabocha Taikai",NA,NA,0,0,0,"Cinderella",9,258.467672327665,"Medium"
"2017-P","1016",520.695232428564,"Emidio, Boloni","Garlate","Lombardy","Italy","Sfida degli Zucconi della Brianza","502 Turmolli","Self",275.529903162314,529.018576439772,0,"Blue Hubbard",9,236.183384524973,"Medium"
"2014-P","1591",166.91819830502,"Nassi-Pisani, Elena-Francesco",NA,"Other","Italy","Campionato dello Zuccone",NA,"Open",204.125337284374,192.326305356112,0,"Howden",9,75.7128211653039,"Light"
"2016-P","307",1391.29931895453,"Brandstetter, Hannes","Baerndorf","Lower Austria","Austria","Europameisterschaft im Kurbiswiegen","1585.5 Werner","1338 Martin",436.843218552538,1483.78921725814,0,"Blue Hubbard",9,631.082755463971,"Heavy"
"2019-P","465",1017.46390259054,"Topini, Cinzia","Capriolo","Lombardy","Italy","Sfida Nazionale della Zucca - Club Maspiano","Cutrupi 2166","Self",360.747167309771,1018.78180647704,4.0774190855421,"Blue Hubbard",9,461.513862965493,"Heavy"
"2017-P","700",830.000438250453,"Nittnaus, Wolfgang","St. Michael","Carinthia","Austria","Austrian Weigh-off","Mathias",NA,337.225390960127,892.289722548324,0,"Cinderella",9,376.481865887062,"Heavy"
"2020-P","DMG",997.38466251868,"Mosti, Rossano","Capua","Campania","Italy","Campionato dello Zuccone","561 Ragosta","Self",361.92028124977,965.384492724251,6.11835195427061,"Autumn Gold",9,452.406072873498,"Heavy"
"2019-P","1296",309.271511160115,"Uematsu, Nobuyuki","Tonosho","Other","Japan","Nippon Ichi Dodekabocha Taikai",NA,NA,0,0,0,"Rouge Vif d’Etampes",9,140.283197720598,"Light"
"2013-P","145",1292.26501612852,"Puchner, Thomas","Tulln","Lower Austria","Austria","Austrian Weigh-off","934 Schieder 11","1140 Finders 11",379.040520944457,1127.86918531203,10.6039830644921,"Dill's Atlantic",9,586.161551333824,"Heavy"
"2020-P","1202",211.675802928901,"JA Hannantiiki Joseibu","Kyotango, Kyoto","Other","Japan","Nippon Ichi Dodekabocha Taikai",NA,NA,0,0,0,"Wolf",9,96.014529122173,"Light"
"2013-P","1524",46.1245319698966,"Ikeda, Masaaki","Shozu, Kagawa","Other","Japan","Nippon Ichi Dodekabocha Taikai",NA,NA,0,0,0,"Connecticut Field",9,20.9217357713662,"Light"
"2020-P","828",646.661525856666,"Joebstl, Horst","St. Marien","Upper Austria","Austria","Austrian Weigh-off","1806 Sperry",NA,312.84842307449,679.920003937419,0,"Blue Hubbard",9,293.320734101142,"Medium"
"2015-P","1790",27.0719173881718,"Yamada, Takao","Isumi, Chiba","Other","Japan","Nippon Ichi Dodekabocha Taikai",NA,NA,0,NA,0,"Howden",9,12.2796151685451,"Light"
"2013-P","1129",337.649113731199,"Komatu, Masatosi","Shimanto","Other","Japan","Nippon Ichi Dodekabocha Taikai",NA,NA,0,0,0,"Champion",9,153.155061725734,"Light"
"2017-P","521",967.157639140131,"Chiatti, Carla","Garlate","Lombardy","Italy","Festa della zucca di sale","1623.5 Wallace","1969 Haist",NA,1030.01428842279,0,"Big Moose",9,438.695325701177,"Heavy"
"2017-P","EXH",1278.44524990944,"Cassioli, Andrea","Sale Marasino","Lombardy","Italy","Sfida degli Zucconi della Brianza","2095 Willemijns","2145 McMullen",396.481667045727,1205.14368574378,2.95472470464209,"Cinderella",9,579.893010821667,"Heavy"
"2013-P","EXH",1123.02401023672,"Baresi, Simone","Foiano della Chiana","Tuscany","Italy","Campionato dello Zuccone","1342 Cutrupi","1789 Wallace",387.022318571269,1084.23556627974,0,"Cinderella",9,509.39512237018,"Heavy"
"2018-P","1247",443.829147106828,"Wischer, Andreas","Neustift","Styria","Austria","Austrian Weigh-off","1072 Klein 15",NA,0,0,0,"Spirit",9,201.317514711265,"Medium"
"2021-P","135",1617.62911498942,"Klein, Hubert","Buchkirchen","Upper Austria","Austria","Retzer Land Weigh-off","2226.7 BoonenHerman 18","2118 Barron 19",NA,1651.13314062144,0,"Dill's Atlantic",9,733.744224049054,"Heavy"
"2013-P","1251",264.011272721487,"Mitoyo Junior Chamber","Sakai","Other","Japan","Nippon Ichi Dodekabocha Taikai",NA,NA,0,0,0,"Wolf",9,119.753498900456,"Light"
"2014-P","370",1166.22738341799,"Reischer, Melanie","Sebersdorf","Lower Austria","Austria","Austrian Weigh-off","1222 Wuersching","1749 Hanschmann",374.751121887493,1172.17806059774,0,"Wolf",9,528.991842803463,"Heavy"
"2019-P","1274",317.442248886045,"Nagai, Tominaga","Shozu, Kagawa","Other","Japan","Nippon Ichi Dodekabocha Taikai",NA,NA,0,0,0,"Rouge Vif d’Etampes",9,143.989382010351,"Light"
"2016-P","1635",61.9952180426577,"Jaglarz, Mario",NA,"Vienna","Austria","Austrian Weigh-off","951 Mathias",NA,140.979947551716,76.2741620190044,0,"Wolf",9,28.1205578806359,"Light"
"2016-P","1208",442.972698096224,"Tosoni, Matteo","Quarrata","Tuscany","Italy","Campionato dello Zuccone",NA,NA,289.655079916617,447.345467957016,0,"Early Giant",9,200.929035974761,"Medium"
"2018-P","1261",443.314813920131,"Barreca, Alessandro","Pisa","Tuscany","Italy","Campionato dello Zuccone","1333 Garofano",NA,261.295912234728,385.591283246319,6.22650475837101,"Wolf",9,201.084217102141,"Medium"
"2020-P","1106",319.435969145372,"Spreafico, Luca","Sirtori","Lombardy","Italy","Sfida Nazionale della Zucca - Club Maspiano","1137 Salvagni 2019",NA,275.852540964483,450.102941035925,0,"Jack O'Lantern",9,144.893718307896,"Light"
"2015-P","1645",180.320226488588,"Petrelli, Team","Foiano della Chiana","Tuscany","Italy","Campionato dello Zuccone","1254 Bartoli","Open",212.50397487148,NA,0,"Jack O'Lantern",9,81.7918788918954,"Light"
"2020-P","364",1229.13122587224,"Gervasoni, Andrea","Goito","Lombardy","Italy","Sfida Nazionale della Zucca - Club Maspiano","1025.1 Muscas","Self",381.464978436783,1142.78672320741,NA,"Rouge Vif d’Etampes",9,557.524545784392,"Heavy"
"2018-P","998",615.308455325593,"Jaglarz, Mario","Kleinhadersdorf","Lower Austria","Austria","Austrian Weigh-off","1080.9 Melka","sibb",0,0,0,"Jack O'Lantern",9,279.099220532175,"Medium"
"2021-P","507",946.881267548254,"Kurzreiter, Lukas","Pruggern","Styria","Austria","Austrian Weigh-off",NA,NA,339.170650789857,NA,0,"Blue Hubbard",9,429.498118255817,"Heavy"
"2017-P","31",1901.68545633442,"Mereo, Egidio","Montepulciano","Tuscany","Italy","Europameisterschaft im Kurbiswiegen","2045 McMullen","sibb",440.139868651305,1930.16182008836,3.00255953058074,"Cinderella",9,862.59001313326,"Heavy"
"2021-P","DMG",276.318457767129,"Pezza, Davide","Foiano della Chiana","Tuscany","Italy","Campionato dello Zuccone","230 Geddes","Self",215.440204560067,274.793316312861,4.10032859550075,"Rouge Vif d’Etampes",9,125.335944133337,"Light"
"2020-P","482",975.963853606862,"Team, Bauhof Tulln","Kleinhadersdorf","Lower Austria","Austria","Austrian Weigh-off","1080 Melka","1006 Jaglarz",330.21154739135,962.33903125435,NA,"Connecticut Field",9,442.68975739187,"Heavy"
"2013-P","976",471.069032327933,"Gervasoni, Marta","Marone","Other","Italy","Pesa la Zucca! Foiano",NA,NA,250.057266238436,407.653322473285,14.2695527784994,"Rouge Vif d’Etampes",9,213.673318807234,"Medium"
"2018-P","746",772.557842915596,"Kojima, Sokontokoro","Shozu","Other","Japan","Nippon Ichi Dodekabocha Taikai",NA,NA,0,0,0,"Prizewinner",9,350.426342930173,"Medium"
"2019-P","1099",457.892439654158,"Felappi, Lorenzo","Semproniano","Tuscany","Italy","Pesa la Zucca! Foiano",NA,NA,259.51058992781,415.450416466243,8.23233276695741,"Jack O'Lantern",9,207.696516907812,"Medium"
"2016-P","918",715.137531461954,"Kojima, Sokontokoro","Shirako","Other","Japan","Nippon Ichi Dodekabocha Taikai",NA,NA,0,0,0,"Autumn Gold",9,324.380927771777,"Medium"
"2016-P","1338",337.03248048787,"Petrelli, Team","Foiano della Chiana","Tuscany","Italy","Campionato dello Zuccone",NA,NA,244.889343136406,306.782926049169,NA,"Big Max",9,152.875361591472,"Light"
"2013-P","1231",306.12113522817,"Milani, Joele","Arezzo","Other","Italy","Festa della zucca di sale",NA,NA,257.804797100854,323.430443451071,0,"Dill's Atlantic",9,138.854211235236,"Light"
"2015-P","1237",458.36036011115,"Tranfaglia, Antonio",NA,"Other","Italy","Campionato dello Zuccone","1254 Bartoli","Open",275.708942520932,537.069954467607,0,"Spirit",9,207.90876205687,"Medium"
"2018-P","1259",437.616472655683,"Bartoli, Gabriele e Sauro","Semproniano","Tuscany","Italy","Campionato dello Zuccone","563 Garofano","Open",NA,577.605294032461,0,"Big Max",9,198.499492982932,"Medium"
"2017-P","1386",281.574798202204,"Kittenberger, Christian",NA,"Lower Austria","Austria","Austrian Weigh-off","1864 Wallace 16","1560 Wuersching 16",0,0,0,"Rouge Vif d’Etampes",9,127.720180048809,"Light"
"2020-P","901",524.570787110745,"Team N","Kyotango, Kyoto","Other","Japan","Nippon Ichi Dodekabocha Taikai",NA,NA,0,0,0,"Connecticut Field",9,237.941306558328,"Medium"
"2014-P","1040",584.141654258541,"Fuchs, Daniel",NA,"Lower Austria","Austria","Austrian Weigh-off",NA,NA,301.348209443051,610.072236676721,0,"Rouge Vif d’Etampes",9,264.962197370852,"Medium"
"2014-P","830",751.389045852368,"Reischer, JZB Kindergruppe","Riederberg","Lower Austria","Austria","Austrian Weigh-off","1474 Mathias",NA,348.57757898743,793.3970974514,0,"Rouge Vif d’Etampes",9,340.824338100214,"Medium"
"2021-P","1332",76.5383501697846,"Tosoni, Matteo","Rimini","Emilia-Romagna","Italy","Campionato dello Zuccone",NA,NA,150.185205503308,82.1862661446091,0,"Big Moose",9,34.7172116494025,"Light"
"2014-P","1481",246.487350395143,"Yada, Kazuyo","Tonosho","Other","Japan","Nippon Ichi Dodekabocha Taikai",NA,NA,0,0,0,"Spirit",9,111.804781440754,"Light"
"2020-P","78",1684.28459564716,"Boschi, Valerio","Chiari","Lombardy","Italy","Sfida degli Zucconi della Brianza","2416.5 Haist","2145 Mcmullen",409.378974419846,1545.42826494516,9.83011436420352,"Casper",9,763.978641494089,"Heavy"
"2020-P","1119",304.01578231795,"Higashikagawa Junior Chamber","Tonosho","Other","Japan","Nippon Ichi Dodekabocha Taikai",NA,NA,0,0,0,"Wolf",9,137.899239219003,"Light"
"2019-P","936",558.508362694977,"Schoffnegger, Armin","Retz","Lower Austria","Austria","Leiserberge Weigh-off",NA,NA,0,0,0,"Connecticut Field",9,253.335131899634,"Medium"
"2020-P","EXH",511.694833074842,"Joebstl, Horst","Zwillingsdorf","Lower Austria","Austria","Europameisterschaft im Kurbiswiegen","1594 Melka","1594 Melka",273.172168843616,523.437891392422,2.04279337531216,"Rouge Vif d’Etampes",9,232.100872051172,"Medium"
"2019-P","133",1405.27010533251,"Tosoni, Matteo","Cremnago di Inverigo","Lombardy","Italy","Sfida Nazionale della Zucca - Club Maspiano","2145 McMullen","Self",408.145344632429,1423.87048136085,1.00517904489347,"Connecticut Field",9,637.419797567925,"Heavy"
"2019-P","1673",68.921077146366,"Kitahara, Mitsuji","Shozu, Kagawa","Other","Japan","Nippon Ichi Dodekabocha Taikai",NA,NA,0,0,0,"Connecticut Field",9,31.262074725773,"Light"
"2021-P","252",1404.52253106335,"Langenlois, Gartenbauschule","Pruggern","Styria","Austria","Austrian Weigh-off","1819 Mendi 19",NA,377.64742889347,1270.41149117767,4.81188968909804,"Champion",9,637.080703583423,"Heavy"
"2021-P","1026",367.197831009277,"Schoffnegger, Armin","Wien","Vienna","Austria","Leiserberge Weigh-off","1584 Melka","open",277.335395387839,465.578188787066,0,"Jack O'Lantern",9,166.558134426358,"Light"
"2014-P","1673",100.782996086219,"Markl, Michael","Pamhagen","Other","Austria","Austrian Weigh-off",NA,NA,0,0,0,"Howden",9,45.7143980504488,"Light"
"2019-P","1659",76.7157218874641,"Sudo, Yoichi","Shozu","Other","Japan","Nippon Ichi Dodekabocha Taikai",NA,NA,0,0,0,"Jack O'Lantern",9,34.7976661071957,"Light"
"2014-P","368",1168.44839684169,"Melka, Friedrich",NA,"Upper Austria","Austria","Austrian Weigh-off","1753 Bryson",NA,393.079747761878,1274.42162066155,0,"Spirit",9,529.99927754612,"Heavy"
"2017-P","1579",42.318080554524,"Itou, Nobuyoshi","Shozu, Kagawa","Other","Japan","Nippon Ichi Dodekabocha Taikai",NA,NA,0,0,0,"Champion",9,19.1951584525775,"Light"
"2015-P","1358",404.743228866547,"Bertone, Andrea",NA,"Other","Italy","Festa della zucca di sale",NA,NA,0,0,0,"Big Max",9,183.58844042303,"Medium"
"2017-P","1135",436.532358274147,"Kikkoman Biochemifa Company","Shizuoka","Other","Japan","Nippon Ichi Dodekabocha Taikai",NA,NA,0,0,0,"Rouge Vif d’Etampes",9,198.007746971259,"Medium"
"2014-P","910",662.16572795332,"Hoefler, Norbert","St. Margarethen","Carinthia","Austria","Austrian Weigh-off",NA,NA,NA,NA,0,"Jack O'Lantern",9,300.353321875121,"Medium"
"2021-P","1005",417.520739850268,"Puchner, Wilfried",NA,"Lower Austria","Austria","Leiserberge Weigh-off","Lancaster 19","1679 Stelts 17",249.773240369946,368.491685607116,5.17767602932508,"Prizewinner",9,189.384221912837,"Medium"
"2018-P","719",782.514532660241,"Topini, Giuseppe","Goito","Lombardy","Italy","Festa della zucca di sale",NA,NA,335.299890650962,954.607401371034,0,"Cinderella",9,354.942621428801,"Medium"
"2017-P","678",840.82837737438,"Musso, Stefano","Goito","Lombardy","Italy","Festa della zucca di sale","1278.6 cutrupi","x self",332.67890938482,959.98626676027,NA,"Atlantic Giant",9,381.3933364565,"Heavy"
"2021-P","831",560.70818673187,"Langenlois, Gartenbauschule","Buers","Vorarlberg","Austria","Austrian Weigh-off","Melka","Mendi",302.828266631894,NA,0,"Casper",9,254.332955298111,"Medium"
"2020-P","EXH",1234.80102380302,"Vendepane, Giulio","Rimini","Emilia-Romagna","Italy","Campionato dello Zuccone","1997 Boonen",NA,377.006537328488,1173.93086369587,0,"Casper",9,560.096322865239,"Heavy"
"2016-P","1655",20.9196597688234,"Maeda, Mitsuteru","Okayama","Other","Japan","Nippon Ichi Dodekabocha Taikai",NA,NA,0,NA,0,"Dill's Atlantic",9,9.48899805413424,"Light"
"2019-P","1724",22.2695061681447,"Tanaka, Akihiko","Takahashi","Other","Japan","Nippon Ichi Dodekabocha Taikai",NA,NA,0,0,0,"Big Moose",9,10.1012780815384,"Light"
"2014-P","977",625.680017608216,"Cassioli, Rita","Buja","Other","Italy","Campionato dello Zuccone","1490 Cutrupi","Self",307.594182875488,624.386836933947,0,"Big Max",9,283.803682048552,"Medium"
"2018-P","642",913.110793004913,"Lacina, Martin",NA,"Lower Austria","Austria","Austrian Weigh-off","2090.5 Stelts",NA,340.845798398975,1067.20347927993,0,"Early Giant",9,414.180088671678,"Heavy"
"2018-P","1580",173.238077848302,"Vasco,agnelli","Radda in Chianti","Tuscany","Italy","Pesa la Zucca! Foiano",NA,NA,197.312817294494,168.503795531669,0,"Casper",9,78.5794703054557,"Light"
"2020-P","200",1358.93845480192,"Vogl, Matthias","Doerfles","Lower Austria","Austria","Leiserberge Weigh-off","2016.6 Boonen 2017","2226.7 DMGBoonenHerman 2018",392.700333490143,1486.31407928779,0,"Blue Hubbard",9,616.404114397742,"Heavy"
"2018-P","891",702.329628412938,"Vulic, Luka",NA,"Other","Austria","Austrian Weigh-off","Kaar 17",NA,0,0,0,"Howden",9,318.571360673044,"Medium"
"2018-P","807",766.964099926024,"Morucci, Davide",NA,"Other","Italy","Festa della zucca di sale","1333 garofano","767 louse",312.38134159764,703.237736779379,8.96403808623483,"Atlantic Giant",9,347.889063790362,"Medium"
"2014-P","1258",446.257165919815,"Giustarini, Vinicio","Arezzo","Other","Italy","Campionato dello Zuccone","952 Bartoli","Open",290.106286596005,495.475183921797,0,"Wolf",9,202.418845519052,"Medium"
"2016-P","1120",534.213619706757,"Bonanomi, Vittorio","Arezzo","Other","Italy","Campionato dello Zuccone",NA,NA,309.419505440324,555.80710762354,0,"Autumn Gold",9,242.315221849066,"Medium"
"2013-P","576",777.728211436995,"Joebstl, Horst","Zwillingsdorf","Lower Austria","Austria","Austrian Weigh-off","780 DIEGARTENTULLN 12","934 Schieder 11",318.202412305931,721.177576838173,0,"Atlantic Giant",9,352.771582641568,"Medium"
"2017-P","799",745.805820244871,"Tanaka, Akihiko","Takamatu","Other","Japan","Nippon Ichi Dodekabocha Taikai",NA,NA,0,0,0,"Rouge Vif d’Etampes",9,338.291829564665,"Medium"
"2016-P","1474",202.53376871976,"Legena, Ivano","Foiano della Chiana","Tuscany","Italy","Campionato dello Zuccone",NA,NA,218.095021379201,238.397090064684,0,"Wolf",9,91.867772158628,"Light"
"2018-P","1749",23.9976798264092,"Tanito, Nobuyuki","Tonosho","Other","Japan","Nippon Ichi Dodekabocha Taikai",NA,NA,0,0,0,"Spirit",9,10.8851644669621,"Light"
"2016-P","848",772.098133236714,"Zecchini, Fernando","Farigliano","Piedmont","Italy","Pesa la Zucca! Foiano",NA,NA,388.313855330613,1359.11907975213,NA,"Prizewinner",9,350.217822127417,"Medium"
"2016-P","DMG",237.215044017823,"Topini, Giuseppe","Foiano della Chiana","Tuscany","Italy","Campionato dello Zuccone",NA,NA,205.596655491819,243.848635809765,1.01126495993991,"Spirit",9,107.598934015699,"Light"
"2013-P","1163",350.609234622434,"Boioni, Emidio","Sant' Arcangelo di Magione","Other","Italy","Pesa la Zucca! Foiano",NA,NA,241.265237138678,359.41273332126,2.90344492047209,"Atlantic Giant",9,159.033673676276,"Light"
"2020-P","873",561.087433287183,"Aininger, Gerald","Neustift","Styria","Austria","Austrian Weigh-off","Melka",NA,294.493255008051,526.882249451435,3.95951017614259,"Early Giant",9,254.50497864195,"Medium"
"2013-P","1309",225.946415097836,"Mauro, Torelli","Arezzo","Other","Italy","Pesa la Zucca! Foiano",NA,NA,211.872374387915,205.116680020459,7.72636701996108,"Atlantic Giant",9,102.487569917231,"Light"
"2014-P","1184",473.294978891986,"Bontempi, Giovanna","Trento","Other","Italy","Pesa la Zucca! Foiano",NA,NA,271.371505357544,474.683675449773,0,"Casper",9,214.682991184716,"Medium"
"2014-P","1258",420.448302145311,"Giovanni, Riva","Arezzo","Other","Italy","Campionato dello Zuccone","952 Bartoli","Open",268.28114675047,456.63867371087,0,"Casper",9,190.712141832568,"Medium"
"2017-P","678",875.107318327941,"Falchi, Brunero","Garlate","Lombardy","Italy","Festa della zucca di sale","1278.6 cutrupi","x self",347.628288433919,981.570717360582,0,"Big Max",9,396.942002524715,"Heavy"
"2015-P","1784",31.984456397487,"Yokozawa, Yozaemon","Kuwana","Other","Japan","Nippon Ichi Dodekabocha Taikai",NA,NA,0,0,0,"Rouge Vif d’Etampes",9,14.5079053804978,"Light"
"2018-P","1718",57.7418096876607,"Oka, Tadaichi","Okayama","Other","Japan","Nippon Ichi Dodekabocha Taikai",NA,NA,0,0,0,"Big Max",9,26.191244304315,"Light"
"2020-P","998",448.403458783065,"Miki, Susumu","Tonosho","Other","Japan","Nippon Ichi Dodekabocha Taikai",NA,NA,0,0,0,"Autumn Gold",9,203.392387585608,"Medium"
"2021-P","1207",196.908253763131,"Buechele, Franz",NA,"Lower Austria","Austria","Leiserberge Weigh-off","520.3 Grabmayer 19",NA,198.377819253488,188.279822383965,1.01378344392871,"Autumn Gold",9,89.31608149698,"Light"
"2015-P","1592",214.346379008484,"Itou, Yoshihiro","Izumo","Other","Japan","Nippon Ichi Dodekabocha Taikai",NA,NA,0,0,0,"Prizewinner",9,97.2258820553767,"Light"
"2019-P","1519",165.946295088175,"Team, Donauland Kompost","Wien","Vienna","Austria","Leiserberge Weigh-off","2043 Clementz",NA,0,0,0,"Connecticut Field",9,75.2719732817648,"Light"
"2021-P","1110",286.177850335242,"Zimmermann, Adolf","Riederberg","Lower Austria","Austria","Leiserberge Weigh-off","1225 Kurzreiter",NA,265.63620031295,386.024640366614,0,"Spirit",9,129.808089375068,"Light"
"2017-P","EXH",736.035863512833,"Team Schaugarten Kittenberger Erlebnisgaertnen","Baerndorf","Lower Austria","Austria","Austrian Weigh-off","1726 Cutrupi 14","2095 Willemijns 16",NA,NA,0,"Connecticut Field",9,333.860251735783,"Medium"
"2013-P","976",451.161700475674,"Colzani, Enrico",NA,"Other","Italy","Pesa la Zucca! Foiano",NA,NA,262.165863272178,377.598249901026,14.4900110707037,"Big Max",9,204.643504971991,"Medium"
"2017-P","714",760.150638494318,"Boeck, Alexander","Bad Voeslau","Lower Austria","Austria","Austrian Weigh-off","Mathias 16",NA,346.480447616852,864.106086224028,0,"Big Moose",9,344.798529671651,"Medium"
"2019-P","1512",185.320077599432,"Tosoni, Matteo","Malonno","Lombardy","Italy","Sfida degli Zucconi della Brianza","1761,5 Cutrupi",NA,199.924832283536,177.839132213563,4.9640382157441,"Dill's Atlantic",9,84.0597732069103,"Light"
"2021-P","154",1690.06965190043,"Giozet, Gabriele","Lumezzane","Lombardy","Italy","Sfida degli Zucconi della Brianza","2158 Paton","2158 Paton",401.013797573783,1532.5818052556,6.04357688240173,"Big Moose",9,766.602698870592,"Heavy"
"2016-P","1653",25.7428522341565,"Team K",NA,"Other","Japan","Nippon Ichi Dodekabocha Taikai",NA,NA,0,0,0,"Wolf",9,11.6767613554508,"Light"
"2014-P","1237",470.293013129104,"Davide, Moretti","Caserta","Other","Italy","Pesa la Zucca! Foiano",NA,NA,260.978258552841,454.932553975122,0,"Dill's Atlantic",9,213.321322419671,"Medium"
"2015-P","1705",116.57953458753,"Cocozza, Michele",NA,"Other","Italy","Festa della zucca di sale",NA,NA,NA,120.327948548218,2.93450806202125,"Blue Hubbard",9,52.8795873870547,"Light"
"2019-P","1410",252.675656250851,"Uematu, Nobuyuki","Shozu","Other","Japan","Nippon Ichi Dodekabocha Taikai",NA,NA,0,0,0,"Howden",9,114.611749760129,"Light"
"2016-P","1307",361.50915595929,"Cristini, Team Attilio e Giacomo","Farigliano","Piedmont","Italy","Campionato dello Zuccone",NA,NA,258.604546059365,334.829079165223,10.3651683020402,"Jack O'Lantern",9,163.977794828274,"Light"
"2020-P","1229",198.656654779707,"Maffessoli, Valter",NA,"Lombardy","Italy","Sfida Nazionale della Zucca - Club Maspiano","1137 Salvagni 2019","Open",0,0,0,"Champion",9,90.1091428577989,"Light"
"2018-P","1259",428.856517443087,"Ondelli, Franco","Foiano della Chiana","Tuscany","Italy","Campionato dello Zuccone","563 Garofano","Open",275.271993476994,553.230849459227,0,"Howden",9,194.526044136956,"Medium"
"2015-P","1784",33.2329768795887,"Utunomiya, Hiroyoshi","Kurashiki","Other","Japan","Nippon Ichi Dodekabocha Taikai",NA,NA,0,0,0,"Cinderella",9,15.0742247449679,"Light"
"2021-P","1242",149.450357953513,"Bauhof Tulln, Team","St. Michael","Carinthia","Austria","Austrian Weigh-off","829.4 Joebstl","self",189.188212099925,171.885346151249,0,"Big Moose",9,67.7895420614823,"Light"
"2013-P","963",503.274743829726,"Schodl, Zwillinge","Gross Gerungs","Lower Austria","Austria","Austrian Weigh-off",NA,NA,0,0,0,"Atlantic Giant",9,228.281583814868,"Medium"
"2015-P","1702",120.642244533751,"Ondelli, Buno","Artogne","Other","Italy","Campionato dello Zuccone","1254 Bartoli","Open",166.475639083363,120.348608567441,2.8863240273729,"Autumn Gold",9,54.7224016201838,"Light"
"2013-P","504",918.847025893248,"Ogata, Katsuhiko","Kamogawa","Other","Japan","Nippon Ichi Dodekabocha Taikai",NA,NA,0,0,0,"Early Giant",9,416.78200014237,"Heavy"
"2018-P","1088",584.067500030098,"Fujioka, Tadashi",NA,"Other","Japan","Nippon Ichi Dodekabocha Taikai",NA,NA,0,0,0,"Rouge Vif d’Etampes",9,264.928561578627,"Medium"
"2018-P","1735",40.5615597725129,"Ueno, Takeshi","Tonosho","Other","Japan","Nippon Ichi Dodekabocha Taikai",NA,NA,0,0,0,"Connecticut Field",9,18.3984140281108,"Light"
"2015-P","1354",429.071663676221,"Bauhof Tulln, Team",NA,"Other","Austria","Austrian Weigh-off","1085 Wuersching 11",NA,0,0,0,"Rouge Vif d’Etampes",9,194.62363282674,"Medium"
"2015-P","1173",568.225114948819,"Aininger, Gerald","Gross Gerungs","Lower Austria","Austria","Austrian Weigh-off",NA,"self",310.185300623392,641.653369038861,0,"Jack O'Lantern",9,257.742576583157,"Medium"
"2017-P","1276",328.536409335087,"Zimmermann, Adolf","TUlln","Lower Austria","Austria","Austrian Weigh-off","951 Mathias 15",NA,0,0,0,"Big Max",9,149.021608541592,"Light"
"2020-P","553",864.410121815384,"Daniel, Wonovsky","Wien","Vienna","Austria","Leiserberge Weigh-off",NA,"1594 Melka",321.965350383708,939.987445200478,0,"Champion",9,392.089835806229,"Heavy"
"2019-P","694",859.939665546369,"Hoefler, Norbert","Sooss","Lower Austria","Austria","Austrian Weigh-off","2020.5 Weishaeupl","1211 Ailts",340.68065523967,882.006278242773,2.00664377071003,"Dill's Atlantic",9,390.062070952185,"Heavy"
"2020-P","820",586.42484453786,"Malentacchi, Claudio","Castelfiorentino","Tuscany","Italy","Pesa la Zucca! Foiano",NA,NA,274.974498483318,560.212455674909,8.9510422517057,"Cinderella",9,265.99783506081,"Medium"
"2020-P","1011",455.138007635655,"Mathias, Franz",NA,"Lower Austria","Austria","Leiserberge Weigh-off","1279 Clementz",NA,268.183637558897,470.082577976426,0,"Wolf",9,206.447127560535,"Medium"
"2019-P","881",632.653938253534,"Dorner, Martin","Leitzersdorf","Lower Austria","Austria","Austrian Weigh-off","2043 Clementz","1527.5 Melka",315.026379021395,751.574825348945,0,"Big Moose",9,286.966999242254,"Medium"
"2018-P","1514",223.864223113803,"Komatu, Masatosi","Noda","Other","Japan","Nippon Ichi Dodekabocha Taikai",NA,NA,0,0,0,"Autumn Gold",9,101.543103520399,"Light"
"2018-P","920",615.939099463395,"Markl, Michael","Ernstbrunn","Lower Austria","Austria","Austrian Weigh-off","1080.9 Melka",NA,0,0,0,"Prizewinner",9,279.385275901267,"Medium"
"2017-P","929",642.591575695409,"Sudo, Yoichi","Shozu","Other","Japan","Nippon Ichi Dodekabocha Taikai",NA,NA,0,0,0,"Blue Hubbard",9,291.474635761715,"Medium"
"2019-P","1383",278.653652220679,"Kloch, Kevin","Ernstbrunn","Lower Austria","Austria","Leiserberge Weigh-off",NA,NA,0,0,0,"Dill's Atlantic",9,126.395170519934,"Light"
"2018-P","1042",590.032612328116,"High School No 3, Nogyokeiei","Fukuoka","Other","Japan","Nippon Ichi Dodekabocha Taikai",NA,NA,0,0,0,"Champion",9,267.634291003201,"Medium"
"2016-P","959",617.424585959672,"Cassella , Salvatore","Lumezzane","Lombardy","Italy","Campionato dello Zuccone","1488 Cutrupi","Self",298.765707695055,623.141386105949,2.03748426212935,"Casper",9,280.059081241716,"Medium"
"2013-P","225",1221.18750079442,"Bontempi, Emanuela","Arezzo","Other","Italy","Festa della zucca di sale","1490 Cutrupi","1420 Cutrupi",372.963535810395,1144.67363221818,0,"Spirit",9,553.921332699717,"Heavy"
"2018-P","21",1962.85145583335,"Morucci, Davide","Sale Marasino","Lombardy","Italy","Festa della zucca di sale","werner 1810","werner 1810",445.244762773985,1885.73861707094,NA,"Cinderella",9,890.334443809401,"Heavy"
"2015-P","1682",134.34404269068,"Miki, Kiyonori","Noda","Other","Japan","Nippon Ichi Dodekabocha Taikai",NA,NA,0,NA,0,"Prizewinner",9,60.9374327194469,"Light"
"2013-P","1309",223.160393543572,"Prandi, Giuseppe","Dragoni","Other","Italy","Pesa la Zucca! Foiano",NA,NA,203.047369257403,216.137702995643,8.09119510139357,"Atlantic Giant",9,101.223851797562,"Light"
"2018-P","896",724.627629680326,"Benedikt, Gottfried",NA,"Lower Austria","Austria","Austrian Weigh-off",NA,NA,327.602346727544,910.473000044697,NA,"Big Max",9,328.685563914182,"Medium"
"2020-P","884",612.256544910984,"Melka, Friedrich","Tulln","Lower Austria","Austria","Retzer Land Weigh-off",NA,NA,290.226878400676,648.064146499021,0,"Prizewinner",9,277.714897254185,"Medium"
"2018-P","807",712.232535613807,"Team Toellergasse","Ernstbrunn","Lower Austria","Austria","Austrian Weigh-off","527 Camparmo 17","open",0,0,0,"Prizewinner",9,323.063243820176,"Medium"
"2019-P","272",1228.36305504813,"Ondelli, Franco","Pietravairano","Campania","Italy","Campionato dello Zuccone","2145.5 McMullen","1774.5 Carter",359.16223174919,1117.92908279009,8.15884074245069,"Early Giant",9,557.176109359723,"Heavy"
"2014-P","829",730.796978696737,"Takamatsu Junior Chamber","Hokuto","Other","Japan","Nippon Ichi Dodekabocha Taikai",NA,NA,0,NA,0,"Blue Hubbard",9,331.483933555893,"Medium"
"2020-P","1182",255.882907834438,"Kurzreiter, Lukas","Retz","Lower Austria","Austria","Retzer Land Weigh-off","Jaglarz",NA,219.001729823482,246.044957664371,4.05595192992746,"Howden",9,116.066534607114,"Light"
"2015-P","1789",24.5880185048058,"Kuroda, Takahito","Hokuto, Yamanashi","Other","Japan","Nippon Ichi Dodekabocha Taikai",NA,NA,0,0,0,"Jack O'Lantern",9,11.1529375871987,"Light"
"2018-P","1304",373.077993056975,"Shimizu, Shunsuke","Higasine","Other","Japan","Nippon Ichi Dodekabocha Taikai",NA,NA,0,0,0,"Connecticut Field",9,169.225331065557,"Light"
"2015-P","984",764.751113486918,"Rodler, Bernd","Haag am Hausruck","Upper Austria","Austria","Austrian Weigh-off","1033 Fischer 14",NA,364.238067661334,946.030523601776,0,"Dill's Atlantic",9,346.88527002667,"Medium"
"2016-P","1410",258.343497847614,"Yukio, Ooe","Shozu, Kagawa","Other","Japan","Nippon Ichi Dodekabocha Taikai",NA,NA,0,NA,0,"Jack O'Lantern",9,117.182639462789,"Light"
"2016-P","1390",283.075871009068,"Asta, Carmelo","Foiano della Chiana","Tuscany","Italy","Pesa la Zucca! Foiano",NA,NA,230.467027411474,299.880105924017,0,"Howden",9,128.401055220818,"Light"
"2021-P","580",805.036730273286,"Aininger, Gerald",NA,"Vienna","Austria","Austrian Weigh-off","1527 Melka","1911 Urena",333.278551977767,854.639043087603,0,"Wolf",9,365.158518421711,"Heavy"
"2016-P","918",651.697184510807,"Sasaki, Toshiki","Takamatu","Other","Japan","Nippon Ichi Dodekabocha Taikai",NA,NA,0,0,0,"Jack O'Lantern",9,295.604870444584,"Medium"
"2021-P","1293",108.804848534345,"Fuchs, Daniel",NA,"Lower Austria","Austria","Austrian Weigh-off",NA,NA,162.970189650285,NA,0,"Jack O'Lantern",9,49.3530491141846,"Light"
"2021-P","1263",154.412618507127,"Mathias, Franz","Wien","Vienna","Austria","Retzer Land Weigh-off","1225.8 Kurzreiter 20","open",203.632287104349,166.807349823508,0,"Big Moose",9,70.0403855865534,"Light"
"2020-P","274",1321.25181102251,"Bertone, Andrea",NA,"Lombardy","Italy","Sfida degli Zucconi della Brianza","1989,5 DALETAS","self",406.082156534484,1363.08758268949,0,"Blue Hubbard",9,599.309740328492,"Heavy"
"2019-P","1563",145.055686050104,"Nibu, Noriyuki","Kurashiki","Other","Japan","Nippon Ichi Dodekabocha Taikai",NA,NA,0,0,0,"Spirit",9,65.7961524174425,"Light"
"2021-P","858",562.231855578135,"Kurzreiter, Lukas","Achau","Lower Austria","Austria","Austrian Weigh-off","Biermans",NA,277.280595916126,577.750870237201,0,"Blue Hubbard",9,255.024079861184,"Medium"
"2018-P","998",574.671258933127,"Wonovsky, Victoria","Baerndorf","Lower Austria","Austria","Austrian Weigh-off",NA,NA,0,0,0,"Dill's Atlantic",9,260.666498310361,"Medium"
"2017-P","1144",450.781639085407,"Barreca, Alessandro",NA,"Lombardy","Italy","Sfida degli Zucconi della Brianza","821.2 Petrelli","Open",269.173611080825,455.104577304102,0,"Big Moose",9,204.471112025235,"Medium"
"2015-P","1380",397.636908083291,"Fujiwara, Norihisa","Asago","Other","Japan","Nippon Ichi Dodekabocha Taikai",NA,NA,0,0,NA,"Howden",9,180.365067536972,"Light"
"2019-P","1485",176.840738272348,"Sudou, Youichi","Hokuto, Yamanashi","Other","Japan","Nippon Ichi Dodekabocha Taikai",NA,NA,0,0,0,"Champion",9,80.2136095855042,"Light"
"2014-P","930",616.687861463092,"Chiti, Davide","Arezzo","Other","Italy","Pesa la Zucca! Foiano",NA,NA,334.129053814057,817.440132176451,0,"Wolf",9,279.724908631275,"Medium"
"2017-P","790",751.816527894107,"Polverini, Giuseppe","Viarigi","Piedmont","Italy","Pesa la Zucca! Foiano",NA,NA,316.699271145166,724.556927536554,0,"Casper",9,341.018240692659,"Medium"
"2019-P","1473",187.211490733928,"Sartini, Valerio","Goito","Lombardy","Italy","Sfida degli Zucconi della Brianza","1078 Larsen","Self",197.400864047211,181.430197253,0.981238901775438,"Big Moose",9,84.9177037732353,"Light"
"2020-P","902",559.209022218451,"Mihara, Noriko","Tonosho","Other","Japan","Nippon Ichi Dodekabocha Taikai",NA,NA,0,0,0,"Wolf",9,253.65294571345,"Medium"
"2015-P","1721",114.650706346666,"Stefano, Tosi",NA,"Other","Italy","Festa della zucca di sale",NA,NA,0,0,NA,"Autumn Gold",9,52.0046856139582,"Light"
"2017-P","352",1240.25860790696,"Gervasoni, Andrea","Rimini","Emilia-Romagna","Italy","Campionato dello Zuccone","2066 Geddes","1086 Shenoha",380.755364689944,1267.20475587078,0,"Cinderella",9,562.57184137342,"Heavy"
"2013-P","1309",230.510214886963,"Felappi, Lorenzo",NA,"Other","Italy","Pesa la Zucca! Foiano",NA,NA,214.176955902468,224.372495877472,7.78745881679377,"Casper",9,104.557674679787,"Light"
"2016-P","1113",534.644512808856,"Bontempi, Emanuela","Semproniano","Tuscany","Italy","Pesa la Zucca! Foiano",NA,NA,300.331130058504,497.10875972227,0,"Rouge Vif d’Etampes",9,242.510671672465,"Medium"
"2016-P","1187",492.538201846941,"NPO Harima Iegurashinokai Honda Saburo","Kuwana, Mie","Other","Japan","Nippon Ichi Dodekabocha Taikai",NA,NA,0,0,0,"Connecticut Field",9,223.411570291292,"Medium"
"2018-P","1580",157.231143770728,"Boschi, Valerio","Bucine","Tuscany","Italy","Pesa la Zucca! Foiano",NA,NA,187.353856078466,160.516323616346,0,"Rouge Vif d’Etampes",9,71.318847140775,"Light"
"2016-P","DMG",409.270522469905,"Lizzi, Denis","Castelvecchio","Lazio","Italy","Campionato dello Zuccone",NA,NA,245.932705648482,371.318661585644,5.89466987496534,"Howden",9,185.641986258263,"Medium"
"2018-P","524",1008.84306764503,"Salvagni, Augusto","Lesmo","Lombardy","Italy","Sfida degli Zucconi della Brianza","2016,60 Boonenherman","Self",338.551705980069,1028.98565325464,5.08715194949644,"Big Max",9,457.603518011177,"Heavy"
"2014-P","1674",103.907226687207,"Boioni, Emidio","Arezzo","Other","Italy","Pesa la Zucca! Foiano",NA,NA,175.889197962684,144.482891616028,0,"Dill's Atlantic",9,47.1315252131776,"Light"
"2020-P","200",1526.75662403676,"Fellner, Johanna",NA,"Lower Austria","Austria","Leiserberge Weigh-off",NA,"2226.7 DMGBoonenHerman 2018",414.368138701572,1710.26550083493,0,"Big Moose",9,692.525155510031,"Heavy"
"2020-P","1379",42.6236675426036,"High School No 3, Nogyokeiei","Shozu, Kagawa","Other","Japan","Nippon Ichi Dodekabocha Taikai",NA,NA,0,0,0,"Blue Hubbard",9,19.3337703787417,"Light"
"2018-P","195",1410.22226449923,"Schuch, Werner","Tulln","Lower Austria","Austria","Austrian Weigh-off","1944 Conolly 18","1810 Werner 16",410.973000611884,1483.3045523005,0,"Connecticut Field",9,639.666059180972,"Heavy"
"2021-P","1293",105.643430652558,"Melka, Friedrich",NA,"Lower Austria","Austria","Austrian Weigh-off",NA,NA,167.685701597933,116.553975836519,NA,"Jack O'Lantern",9,47.9190540846243,"Light"
"2019-P","948",584.937256638602,"Fischer, Cornelia","Doerfles","Lower Austria","Austria","Leiserberge Weigh-off","2034 Barlow","self",NA,0,0,"Early Giant",9,265.323076540002,"Medium"
"2019-P","783",700.724867165072,"Team, Gemeinde Tulln","Riederberg","Lower Austria","Austria","Gartenbauschule Langenlois","1379.6 Matthias","self",NA,NA,0,"Howden",9,317.84345321534,"Medium"
"2021-P","999",414.226399877069,"Falconcini, Sirio","Vinci","Tuscany","Italy","Campionato dello Zuccone",NA,NA,250.34162870292,361.545029454212,7.83888108423272,"Atlantic Giant",9,187.889934436808,"Medium"
"2014-P","1018",649.055346683084,"Topini, Giuseppe",NA,"Other","Italy","Festa della zucca di sale",NA,"self",323.648235295926,666.411317378786,0,"Connecticut Field",9,294.406552963152,"Medium"
"2018-P","7",2031.21103032985,"Pezza, Davide","Foiano della Chiana","Tuscany","Italy","Campionato dello Zuccone","2145 McMullen","Self",475.297980956901,2050.90210961204,1.00704206267675,"Autumn Gold",9,921.341825217457,"Heavy"
"2018-P","705",854.646400187938,"Yada, Shizuka","Shozu","Other","Japan","Nippon Ichi Dodekabocha Taikai",NA,NA,0,0,0,"Rouge Vif d’Etampes",9,387.661086173215,"Heavy"
"2017-P","DMG",641.161140994436,"Turla, Antonio","Chianciano","Tuscany","Italy","Campionato dello Zuccone","1333 Garofano","Open",302.596182720716,667.332848551022,1.97862314449238,"Big Max",9,290.82580149557,"Medium"
"2018-P","659",909.119590291519,"Fellner, Herbert","Buers","Vorarlberg","Austria","Austrian Weigh-off","Ruhdorfer",NA,347.3555342882,887.266723858501,NA,"Wolf",9,412.369709573759,"Heavy"
"2021-P","EXH",81.1171996409518,"Kurzreiter, Lukas","St. Michael","Carinthia","Austria","Austrian Weigh-off",NA,NA,156.495460553485,101.164941099965,0,"Early Giant",9,36.7941428329025,"Light"
"2019-P","1627",96.5934728212948,"luigino, guerra","Valiano di Montepulciano","Tuscany","Italy","Pesa la Zucca! Foiano",NA,NA,152.338459886433,81.2725474762308,NA,"Atlantic Giant",9,43.8140622635417,"Light"
"2013-P","688",740.781458808216,"Takahashi, Masahiro","Seiyo","Other","Japan","Nippon Ichi Dodekabocha Taikai",NA,NA,0,0,0,"Connecticut Field",9,336.012817552876,"Medium"
"2021-P","1323",83.9967130326046,"Puchner, Thomas","Tulln","Lower Austria","Austria","Austrian Weigh-off","Skonager",NA,146.411965606873,82.3547604131758,0,"Dill's Atlantic",9,38.100268136669,"Light"
"2019-P","1099",475.289476219415,"Mandorlini, Franco","Radda in Chianti","Tuscany","Italy","Pesa la Zucca! Foiano",NA,NA,NA,393.596126937431,7.90793262981073,"Spirit",9,215.587679954423,"Medium"
"2017-P","1029",497.258646557218,"Spreafico, Luca","Trento","Other","Italy","Festa della zucca di sale","Cutrupi 2015 (2096 Meier x 2102)","unknow",272.964579390112,546.167128750563,0,"Jack O'Lantern",9,225.552727994881,"Medium"
"2020-P","574",966.623984824762,"Kuzunishi, Takamiti","Sakai","Other","Japan","Nippon Ichi Dodekabocha Taikai",NA,NA,0,0,0,"Big Moose",9,438.453264175508,"Heavy"
"2014-P","1726",55.1887569583033,"Iguchi, Hidetosho","Hokuto","Other","Japan","Nippon Ichi Dodekabocha Taikai",NA,NA,0,0,NA,"Dill's Atlantic",9,25.0331990660708,"Light"
"2015-P","1006",649.710458608984,"Yada, Tsunehisa",NA,"Other","Japan","Nippon Ichi Dodekabocha Taikai",NA,NA,0,0,0,"Big Moose",9,294.703706734236,"Medium"
"2020-P","1149",266.329299675401,"Kimata, Yasuo","Tonosho","Other","Japan","Nippon Ichi Dodekabocha Taikai",NA,NA,0,0,0,"Autumn Gold",9,120.804938240206,"Light"
"2013-P","1473",93.3365980701412,"Boschi, Valerio","Capraia e Limite","Other","Italy","Festa della zucca di sale",NA,NA,164.619542820666,100.360041603754,0,"Big Max",9,42.3367687263728,"Light"
